Date	Cases	Deaths	Cases_New	Deaths_New	Cases_Last_Week	Deaths_Last_Week	Cases_Per_Million	Deaths_Per_Million	Cases_New_Per_Million	Deaths_New_Per_Million	Cases_Last_Week_Per_Million	Deaths_Last_Week_Per_Million	Cases_Doubling_Time	Deaths_Doubling_Time	Days_Since_2nd_Death
2020-01-22	548	17	548	17	0	0	0	0	0	0.012	0	0.0			0
2020-01-23	643	18	95	1	0	0	0	0	0	0.001	0	0.0			1
2020-01-24	920	26	277	8	0	0	0	0	0	0.006	0	0.0			2
2020-01-25	1406	42	486	16	0	0	0	0	0	0.011	0	0.0			3
2020-01-26	2075	56	669	14	0	0	1	0	0	0.01	0	0.0			4
2020-01-27	2877	82	802	26	0	0	2	0	0	0.018	0	0.0			5
2020-01-28	5509	131	2632	49	0	0	3	0	1	0.035	0	0.0			6
2020-01-29	6087	133	578	2	5539	116	4	0	0	0.001	3	0.08			7
2020-01-30	8141	171	2054	38	7498	153	5	0	1	0.027	5	0.11			8
2020-01-31	9802	213	1661	42	8882	187	6	0	1	0.03	6	0.13			9
2020-02-01	11891	259	2089	46	10485	217	8	0	1	0.033	7	0.15			10
2020-02-02	16630	361	4739	102	14555	305	11	0	3	0.072	10	0.22			11
2020-02-03	19716	425	3086	64	16839	343	13	0	2	0.045	11	0.24			12
2020-02-04	23707	491	3991	66	18198	360	16	0	2	0.047	12	0.25			13
2020-02-05	27440	563	3733	72	21353	430	19	0	2	0.051	15	0.3			14
2020-02-06	30587	633	3147	70	22446	462	21	0	2	0.05	15	0.33			15
2020-02-07	34110	718	3523	85	24308	505	24	0	2	0.06	17	0.36			16
2020-02-08	36814	805	2704	87	24923	546	26	0	1	0.062	17	0.39			17
2020-02-09	39829	905	3015	100	23199	544	28	0	2	0.071	16	0.39			18
2020-02-10	42354	1012	2525	107	22638	587	30	0	1	0.076	16	0.42			19
2020-02-11	44386	1112	2032	100	20679	621	31	0	1	0.071	14	0.44			20
2020-02-12	44759	1117	373	5	17319	554	31	0	0	0.004	12	0.39			21
2020-02-13	59895	1369	15136	252	29308	736	42	0	10	0.178	20	0.52			22
2020-02-14	66358	1521	6463	152	32248	803	47	1	4	0.108	22	0.57			23
2020-02-15	68413	1663	2055	142	31599	858	48	1	1	0.101	22	0.61			24
2020-02-16	70513	1766	2100	103	30684	861	49	1	1	0.073	21	0.61			25
2020-02-17	72434	1864	1921	98	30080	852	51	1	1	0.069	21	0.6			26
2020-02-18	74211	2003	1777	139	29825	891	52	1	1	0.098	21	0.63			27
2020-02-19	74619	2116	408	113	29860	999	52	1	0	0.08	21	0.71			28
2020-02-20	75077	2238	458	122	15182	869	53	1	0	0.086	10	0.62			29
2020-02-21	75550	2238	473	0	9192	717	53	1	0	0.0	6	0.51			30
2020-02-22	77001	2443	1451	205	8588	780	54	1	1	0.145	6	0.55			31
2020-02-23	77022	2445	21	2	6509	679	54	1	0	0.001	4	0.48			32
2020-02-24	77241	2595	219	150	4807	731	54	1	0	0.106	3	0.52			33
2020-02-25	77754	2665	513	70	3543	662	55	1	0	0.05	2	0.47			34
2020-02-26	78166	2717	412	52	3547	601	55	1	0	0.037	2	0.43			35
2020-02-27	78600	2746	434	29	3523	508	55	1	0	0.021	2	0.36			36
2020-02-28	78928	2790	328	44	3378	552	55	1	0	0.031	2	0.39			37
2020-02-29	79356	2837	428	47	2355	394	56	2	0	0.033	1	0.28			38
2020-03-01	79932	2872	576	35	2910	427	56	2	0	0.025	2	0.3			39
2020-03-02	80136	2914	204	42	2895	319	56	2	0	0.03	2	0.23			40
2020-03-03	80261	2947	125	33	2507	282	56	2	0	0.023	1	0.2			41
2020-03-04	80386	2983	125	36	2220	266	56	2	0	0.025	1	0.19			42
2020-03-05	80537	3015	151	32	1937	269	57	2	0	0.023	1	0.19			43
2020-03-06	80690	3044	153	29	1762	254	57	2	0	0.021	1	0.18			44
2020-03-07	80770	3072	80	28	1414	235	57	2	0	0.02	1	0.17			45
2020-03-08	80823	3100	53	28	891	228	57	2	0	0.02	0	0.16			46
2020-03-09	80860	3123	37	23	724	209	57	2	0	0.016	0	0.15			47
2020-03-10	80887	3139	27	16	626	192	57	2	0	0.011	0	0.14			48
2020-03-11	80921	3161	34	22	535	178	57	2	0	0.016	0	0.13			49
2020-03-12	80932	3172	11	11	395	157	57	2	0	0.008	0	0.11			50
2020-03-13	80945	3180	13	8	255	136	57	2	0	0.006	0	0.1			51
2020-03-14	80977	3193	32	13	207	121	57	2	0	0.009	0	0.09			52
2020-03-15	81003	3203	26	10	180	103	57	2	0	0.007	0	0.07			53
2020-03-16	81033	3217	30	14	173	94	57	2	0	0.01	0	0.07			54
2020-03-17	81058	3230	25	13	171	91	57	2	0	0.009	0	0.06			55
2020-03-18	81102	3241	44	11	181	80	57	2	0	0.008	0	0.06			56
2020-03-19	81156	3249	54	8	224	77	57	2	0	0.006	0	0.05			57
2020-03-20	81250	3253	94	4	305	73	57	2	0	0.003	0	0.05			58
2020-03-21	81305	3259	55	6	328	66	57	2	0	0.004	0	0.05			59
2020-03-22	81435	3274	130	15	432	71	57	2	0	0.011	0	0.05			60
2020-03-23	81493	3274	58	0	460	57	57	2	0	0.0	0	0.04			61
2020-03-24	81587	3281	94	7	529	51	57	2	0	0.005	0	0.04			62
2020-03-25	81658	3285	71	4	556	44	57	2	0	0.003	0	0.03			63
2020-03-26	81781	3291	123	6	625	42	57	2	0	0.004	0	0.03			64
2020-03-27	81872	3296	91	5	622	43	57	2	0	0.004	0	0.03			65
2020-03-28	81964	3299	92	3	659	40	58	2	0	0.002	0	0.03			66
2020-03-29	82058	3304	94	5	623	30	58	2	0	0.004	0	0.02			67
2020-03-30	82139	3308	81	4	646	34	58	2	0	0.003	0	0.02			68
2020-03-31	83786	3309	1647	1	2199	28	59	2	1	0.001	1	0.02			69
2020-04-01	84002	3316	216	7	2344	31	59	2	0	0.005	1	0.02			70
2020-04-02	84129	3322	127	6	2348	31	59	2	0	0.004	1	0.02			71
2020-04-03	84265	3326	136	4	2393	30	59	2	0	0.003	1	0.02			72
2020-04-04	84363	3330	98	4	2399	31	59	2	0	0.003	1	0.02			73
2020-04-05	84467	3333	104	3	2409	29	59	2	0	0.002	1	0.02			74
2020-04-06	84611	3335	144	2	2472	27	59	2	0	0.001	1	0.02			75
2020-04-07	84692	3335	81	0	906	26	59	2	0	0.0	0	0.02			76
2020-04-08	84909	3337	217	2	907	21	60	2	0	0.001	0	0.01			77
2020-04-09	85024	3339	115	2	895	17	60	2	0	0.001	0	0.01			78
2020-04-10	85115	3340	91	1	850	14	60	2	0	0.001	0	0.01			79
2020-04-11	85208	3343	93	3	845	13	60	2	0	0.002	0	0.01			80
2020-04-12	85377	3343	169	0	910	10	60	2	0	0.0	0	0.01			81
2020-04-13	85489	3345	112	2	878	10	60	2	0	0.001	0	0.01			82
2020-04-14	85569	3345	80	0	877	10	60	2	0	0.0	0	0.01			83
2020-04-15	85668	3346	99	1	759	9	60	2	0	0.001	0	0.01			84
2020-04-16	85774	3346	106	0	750	7	60	2	0	0.0	0	0.0			85
2020-04-17	86187	4636	413	1290	1072	1296	61	3	0	0.914	0	0.92			86
2020-04-18	86258	4636	71	0	1050	1293	61	3	0	0.0	0	0.92			87
2020-04-19	86321	4636	63	0	944	1293	61	3	0	0.0	0	0.92			88
2020-04-20	86382	4636	61	0	893	1291	61	3	0	0.0	0	0.91			89
2020-04-21	86452	4636	70	0	883	1291	61	3	0	0.0	0	0.91			90
2020-04-22	86508	4636	56	0	840	1290	61	3	0	0.0	0	0.91			91
2020-04-23	86548	4636	40	0	774	1290	61	3	0	0.0	0	0.91			92
2020-04-24	86594	4636	46	0	407	0	61	3	0	0.0	0	0.0			93
2020-04-25	86632	4636	38	0	374	0	61	3	0	0.0	0	0.0			94
2020-04-26	86661	4637	29	1	340	1	61	3	0	0.001	0	0.0			95
2020-04-27	86692	4637	31	0	310	1	61	3	0	0.0	0	0.0			96
2020-04-28	86754	4637	62	0	302	1	61	3	0	0.0	0	0.0			97
2020-04-29	86783	4637	29	0	275	1	61	3	0	0.0	0	0.0			98
2020-04-30	86828	4637	45	0	280	1	61	3	0	0.0	0	0.0			99
2020-05-01	86850	4637	22	0	256	1	61	3	0	0.0	0	0.0			100
2020-05-02	86858	4637	8	0	226	1	61	3	0	0.0	0	0.0			101
2020-05-03	86842	4637	0	0	181	0	61	3	0	0.0	0	0.0			102
2020-05-04	86838	4637	0	0	146	0	61	3	0	0.0	0	0.0			103
2020-05-05	86855	4637	17	0	101	0	61	3	0	0.0	0	0.0			104
2020-05-06	86877	4637	22	0	94	0	61	3	0	0.0	0	0.0			105
2020-05-07	86888	4637	11	0	60	0	61	3	0	0.0	0	0.0			106
2020-05-08	86905	4637	17	0	55	0	61	3	0	0.0	0	0.0			107
2020-05-09	86934	4637	29	0	76	0	61	3	0	0.0	0	0.0			108
2020-05-10	86973	4637	39	0	131	0	61	3	0	0.0	0	0.0			109
2020-05-11	86980	4637	7	0	142	0	61	3	0	0.0	0	0.0			110
2020-05-12	87002	4637	22	0	147	0	61	3	0	0.0	0	0.0			111
2020-05-13	87016	4637	14	0	139	0	61	3	0	0.0	0	0.0			112
2020-05-14	87032	4637	16	0	144	0	61	3	0	0.0	0	0.0			113
2020-05-15	87052	4637	20	0	147	0	61	3	0	0.0	0	0.0			114
2020-05-16	87070	4638	18	1	136	1	61	3	0	0.001	0	0.0			115
2020-05-17	87092	4638	22	0	119	1	61	3	0	0.0	0	0.0			116
2020-05-18	87119	4638	27	0	139	1	61	3	0	0.0	0	0.0			117
2020-05-19	87135	4638	16	0	133	1	61	3	0	0.0	0	0.0			118
2020-05-20	87151	4638	16	0	135	1	61	3	0	0.0	0	0.0			119
2020-05-21	87190	4638	39	0	158	1	61	3	0	0.0	0	0.0			120
2020-05-22	87235	4638	45	0	183	1	61	3	0	0.0	0	0.0			121
2020-05-23	87266	4638	31	0	196	0	61	3	0	0.0	0	0.0			122
2020-05-24	87313	4638	47	0	221	0	61	3	0	0.0	0	0.0			123
2020-05-25	87360	4638	47	0	241	0	61	3	0	0.0	0	0.0			124
2020-05-26	87390	4638	30	0	255	0	61	3	0	0.0	0	0.0			125
2020-05-27	87421	4638	31	0	270	0	61	3	0	0.0	0	0.0			126
2020-05-28	87444	4638	23	0	254	0	61	3	0	0.0	0	0.0			127
2020-05-29	87466	4638	22	0	231	0	61	3	0	0.0	0	0.0			128
2020-05-30	87475	4638	9	0	209	0	61	3	0	0.0	0	0.0			129
2020-05-31	87496	4638	21	0	183	0	61	3	0	0.0	0	0.0			130
2020-06-01	87520	4638	24	0	160	0	61	3	0	0.0	0	0.0			131
2020-06-02	87535	4638	15	0	145	0	62	3	0	0.0	0	0.0			132
2020-06-03	87538	4638	3	0	117	0	62	3	0	0.0	0	0.0			133
2020-06-04	87553	4638	15	0	109	0	62	3	0	0.0	0	0.0			134
2020-06-05	87561	4638	8	0	95	0	62	3	0	0.0	0	0.0			135
2020-06-06	87572	4638	11	0	97	0	62	3	0	0.0	0	0.0			136
2020-06-07	87581	4638	9	0	85	0	62	3	0	0.0	0	0.0			137
2020-06-08	87587	4638	6	0	67	0	62	3	0	0.0	0	0.0			138
2020-06-09	87610	4638	23	0	75	0	62	3	0	0.0	0	0.0			139
2020-06-10	87626	4638	16	0	88	0	62	3	0	0.0	0	0.0			140
2020-06-11	87636	4638	10	0	83	0	62	3	0	0.0	0	0.0			141
2020-06-12	87648	4638	12	0	87	0	62	3	0	0.0	0	0.0			142
2020-06-13	87713	4638	65	0	141	0	62	3	0	0.0	0	0.0			143
2020-06-14	87769	4638	56	0	188	0	62	3	0	0.0	0	0.0			144
2020-06-15	87830	4638	61	0	243	0	62	3	0	0.0	0	0.0			145
2020-06-16	87880	4638	50	0	270	0	62	3	0	0.0	0	0.0			146
2020-06-17	87921	4638	41	0	295	0	62	3	0	0.0	0	0.0			147
2020-06-18	87965	4638	44	0	329	0	62	3	0	0.0	0	0.0			148
2020-06-19	87971	4638	6	0	323	0	62	3	0	0.0	0	0.0			149
2020-06-20	88034	4638	63	0	321	0	62	3	0	0.0	0	0.0			150
2020-06-21	88057	4639	23	1	288	1	62	3	0	0.001	0	0.0			151
2020-06-22	88115	4639	58	0	285	1	62	3	0	0.0	0	0.0			152
2020-06-23	88150	4640	35	1	270	2	62	3	0	0.001	0	0.0			153
2020-06-24	88172	4640	22	0	251	2	62	3	0	0.0	0	0.0			154
2020-06-25	88201	4641	29	1	236	3	62	3	0	0.001	0	0.0			155
2020-06-26	88229	4641	28	0	258	3	62	3	0	0.0	0	0.0			156
2020-06-27	88258	4641	29	0	224	3	62	3	0	0.0	0	0.0			157
2020-06-28	88277	4641	19	0	220	2	62	3	0	0.0	0	0.0			158
2020-06-29	88305	4641	28	0	190	2	62	3	0	0.0	0	0.0			159
2020-06-30	88311	4641	6	0	161	1	62	3	0	0.0	0	0.0			160
2020-07-01	88344	4641	33	0	172	1	62	3	0	0.0	0	0.0			161
2020-07-02	88360	4641	16	0	159	0	62	3	0	0.0	0	0.0			162
2020-07-03	88372	4641	12	0	143	0	62	3	0	0.0	0	0.0			163
2020-07-04	88395	4641	23	0	137	0	62	3	0	0.0	0	0.0			164
2020-07-05	88415	4641	20	0	138	0	62	3	0	0.0	0	0.0			165
2020-07-06	88444	4641	29	0	139	0	62	3	0	0.0	0	0.0			166
2020-07-07	88485	4641	41	0	174	0	62	3	0	0.0	0	0.0			167
2020-07-08	88524	4641	39	0	180	0	62	3	0	0.0	0	0.0			168
2020-07-09	88571	4641	47	0	211	0	62	3	0	0.0	0	0.0			169
2020-07-10	88612	4641	41	0	240	0	62	3	0	0.0	0	0.0			170
2020-07-11	88657	4641	45	0	262	0	62	3	0	0.0	0	0.0			171
2020-07-12	88708	4641	51	0	293	0	62	3	0	0.0	0	0.0			172
2020-07-13	88766	4641	58	0	322	0	62	3	0	0.0	0	0.0			173
2020-07-14	88828	4642	62	1	343	1	62	3	0	0.001	0	0.0			174
2020-07-15	88852	4642	24	0	328	1	62	3	0	0.0	0	0.0			175
2020-07-16	88935	4644	83	2	364	3	62	3	0	0.001	0	0.0			176
2020-07-17	89015	4644	80	0	403	3	63	3	0	0.0	0	0.0			177
2020-07-18	89109	4646	94	2	452	5	63	3	0	0.001	0	0.0			178
2020-07-19	89280	4646	171	0	572	5	63	3	0	0.0	0	0.0			179
2020-07-20	89376	4646	96	0	610	5	63	3	0	0.0	0	0.0			180
2020-07-21	89454	4648	78	2	626	6	63	3	0	0.001	0	0.0			181
2020-07-22	89614	4648	160	0	762	6	63	3	0	0.0	0	0.0			182
2020-07-23	89768	4649	154	1	833	5	63	3	0	0.001	0	0.0			183
2020-07-24	89957	4650	189	1	942	6	63	3	0	0.001	0	0.0			184
2020-07-25	90192	4652	235	2	1083	6	63	3	0	0.001	0	0.0			185
2020-07-26	90432	4652	240	0	1152	6	64	3	0	0.0	0	0.0			186
2020-07-27	90658	4656	226	4	1282	10	64	3	0	0.003	0	0.01			187
2020-07-28	90875	4656	217	0	1421	8	64	3	0	0.0	1	0.01			188
2020-07-29	91074	4658	199	2	1460	10	64	3	0	0.001	1	0.01			189
2020-07-30	91359	4658	285	0	1591	9	64	3	0	0.0	1	0.01			190
2020-07-31	91500	4661	141	3	1543	11	64	3	0	0.002	1	0.01			191
2020-08-01	91690	4665	190	4	1498	13	64	3	0	0.003	1	0.01			192
2020-08-02	91864	4668	174	3	1432	16	65	3	0	0.002	1	0.01			193
2020-08-03	91983	4671	119	3	1325	15	65	3	0	0.002	0	0.01			194
2020-08-04	92109	4675	126	4	1234	19	65	3	0	0.003	0	0.01			195
2020-08-05	92255	4677	146	2	1181	19	65	3	0	0.001	0	0.01			196
2020-08-06	92406	4678	151	1	1047	20	65	3	0	0.001	0	0.01			197
2020-08-07	92540	4680	134	2	1040	19	65	3	0	0.001	0	0.01			198
2020-08-08	92646	4681	106	1	956	16	65	3	0	0.001	0	0.01			199
2020-08-09	92778	4685	132	4	914	17	65	3	0	0.003	0	0.01			200
2020-08-10	92919	4688	141	3	936	17	65	3	0	0.002	0	0.01			201
2020-08-11	92986	4692	67	4	877	17	65	3	0	0.003	0	0.01			202
2020-08-12	93091	4697	105	5	836	20	65	3	0	0.004	0	0.01			203
2020-08-13	93210	4699	119	2	804	21	66	3	0	0.001	0	0.01			204
2020-08-14	93308	4700	98	1	768	20	66	3	0	0.001	0	0.01			205
2020-08-15	93392	4702	84	2	746	21	66	3	0	0.001	0	0.01			206
2020-08-16	93503	4703	111	1	725	18	66	3	0	0.001	0	0.01			207
2020-08-17	93605	4703	102	0	686	15	66	3	0	0.0	0	0.01			208
2020-08-18	93675	4704	70	1	689	12	66	3	0	0.001	0	0.01			209
2020-08-19	93720	4706	45	2	629	9	66	3	0	0.001	0	0.01			210
2020-08-20	93782	4707	62	1	572	8	66	3	0	0.001	0	0.01			211
2020-08-21	93851	4709	69	2	543	9	66	3	0	0.001	0	0.01			212
2020-08-22	93922	4710	71	1	530	8	66	3	0	0.001	0	0.01			213
2020-08-23	93978	4711	56	1	475	8	66	3	0	0.001	0	0.01			214
2020-08-24	94027	4711	49	0	422	8	66	3	0	0.0	0	0.01			215
2020-08-25	94077	4711	50	0	402	7	66	3	0	0.0	0	0.0			216
2020-08-26	94118	4712	41	1	398	6	66	3	0	0.001	0	0.0			217
2020-08-27	94166	4713	48	1	384	6	66	3	0	0.001	0	0.0			218
2020-08-28	94202	4718	36	5	351	9	66	3	0	0.004	0	0.01			219
2020-08-29	94236	4720	34	2	314	10	66	3	0	0.001	0	0.01			220
2020-08-30	94272	4722	36	2	294	11	66	3	0	0.001	0	0.01			221
2020-08-31	94310	4723	38	1	283	12	66	3	0	0.001	0	0.01			222
2020-09-01	94363	4724	53	1	286	13	66	3	0	0.001	0	0.01			223
2020-09-02	94402	4727	39	3	284	15	66	3	0	0.002	0	0.01			224
2020-09-03	94445	4728	43	1	279	15	66	3	0	0.001	0	0.01			225
2020-09-04	94491	4728	46	0	289	10	66	3	0	0.0	0	0.01			226
2020-09-05	94516	4728	25	0	280	8	66	3	0	0.0	0	0.01			227
2020-09-06	94565	4729	49	1	293	7	66	3	0	0.001	0	0.0			228
2020-09-07	94601	4732	36	3	291	9	67	3	0	0.002	0	0.01			229
2020-09-08	94621	4733	20	1	258	9	67	3	0	0.001	0	0.01			230
2020-09-09	94641	4733	20	0	239	6	67	3	0	0.0	0	0.0			231
2020-09-10	94683	4733	42	0	238	5	67	3	0	0.0	0	0.0			232
2020-09-11	94722	4733	39	0	231	5	67	3	0	0.0	0	0.0			233
2020-09-12	94752	4734	30	1	236	6	67	3	0	0.001	0	0.0			234
2020-09-13	94851	4734	99	0	286	5	67	3	0	0.0	0	0.0			235
2020-09-14	94911	4735	60	1	310	3	67	3	0	0.001	0	0.0			236
2020-09-15	94934	4735	23	0	313	2	67	3	0	0.0	0	0.0			237
2020-09-16	94966	4736	32	1	325	3	67	3	0	0.001	0	0.0			238
2020-09-17	95021	4736	55	0	338	3	67	3	0	0.0	0	0.0			239
2020-09-18	95056	4737	35	1	334	4	67	3	0	0.001	0	0.0			240
2020-09-19	95103	4737	47	0	351	3	67	3	0	0.0	0	0.0			241
2020-09-20	95159	4737	56	0	308	3	67	3	0	0.0	0	0.0			242
2020-09-21	95196	4737	37	0	285	2	67	3	0	0.0	0	0.0			243
2020-09-22	95229	4737	33	0	295	2	67	3	0	0.0	0	0.0			244
2020-09-23	95254	4737	25	0	288	1	67	3	0	0.0	0	0.0			245
2020-09-24	95289	4738	35	1	268	2	67	3	0	0.001	0	0.0			246
2020-09-25	95323	4738	34	0	267	1	67	3	0	0.0	0	0.0			247
2020-09-26	95368	4739	45	1	265	2	67	3	0	0.001	0	0.0			248
2020-09-27	95416	4739	48	0	257	2	67	3	0	0.0	0	0.0			249
2020-09-28	95452	4739	36	0	256	2	67	3	0	0.0	0	0.0			250
2020-09-29	95499	4739	47	0	270	2	67	3	0	0.0	0	0.0			251
2020-09-30	95536	4739	37	0	282	2	67	3	0	0.0	0	0.0			252
2020-10-01	95568	4739	32	0	279	1	67	3	0	0.0	0	0.0			253
2020-10-02	95617	4739	49	0	294	1	67	3	0	0.0	0	0.0			254
2020-10-03	95648	4739	31	0	280	0	67	3	0	0.0	0	0.0			255
2020-10-04	95694	4739	46	0	278	0	67	3	0	0.0	0	0.0			256
2020-10-05	95744	4739	50	0	292	0	67	3	0	0.0	0	0.0			257
2020-10-06	95789	4739	45	0	290	0	67	3	0	0.0	0	0.0			258
2020-10-07	95829	4739	40	0	293	0	67	3	0	0.0	0	0.0			259
2020-10-08	95875	4739	46	0	307	0	67	3	0	0.0	0	0.0			260
2020-10-09	95913	4739	38	0	296	0	67	3	0	0.0	0	0.0			261
2020-10-10	95979	4739	66	0	331	0	67	3	0	0.0	0	0.0			262
2020-10-11	96034	4739	55	0	340	0	68	3	0	0.0	0	0.0			263
2020-10-12	96083	4739	49	0	339	0	68	3	0	0.0	0	0.0			264
2020-10-13	96124	4739	41	0	335	0	68	3	0	0.0	0	0.0			265
2020-10-14	96146	4739	22	0	317	0	68	3	0	0.0	0	0.0			266
2020-10-15	96203	4739	57	0	328	0	68	3	0	0.0	0	0.0			267
2020-10-16	96231	4739	28	0	318	0	68	3	0	0.0	0	0.0			268
2020-10-17	96271	4739	40	0	292	0	68	3	0	0.0	0	0.0			269
2020-10-18	96322	4739	51	0	288	0	68	3	0	0.0	0	0.0			270
2020-10-19	96389	4739	67	0	306	0	68	3	0	0.0	0	0.0			271
2020-10-20	96427	4739	38	0	303	0	68	3	0	0.0	0	0.0			272
2020-10-21	96461	4739	34	0	315	0	68	3	0	0.0	0	0.0			273
2020-10-22	96514	4739	53	0	311	0	68	3	0	0.0	0	0.0			274
2020-10-23	96557	4739	43	0	326	0	68	3	0	0.0	0	0.0			275
2020-10-24	96602	4739	45	0	331	0	68	3	0	0.0	0	0.0			276
2020-10-25	96643	4739	41	0	321	0	68	3	0	0.0	0	0.0			277
2020-10-26	96826	4739	183	0	437	0	68	3	0	0.0	0	0.0			278
2020-10-27	96921	4739	95	0	494	0	68	3	0	0.0	0	0.0			279
2020-10-28	96984	4739	63	0	523	0	68	3	0	0.0	0	0.0			280
2020-10-29	97004	4739	20	0	490	0	68	3	0	0.0	0	0.0			281
2020-10-30	97097	4739	93	0	540	0	68	3	0	0.0	0	0.0			282
2020-10-31	97153	4739	56	0	551	0	68	3	0	0.0	0	0.0			283
2020-11-01	97250	4739	97	0	607	0	68	3	0	0.0	0	0.0			284
2020-11-02	97333	4739	83	0	507	0	68	3	0	0.0	0	0.0			285
2020-11-03	97411	4739	78	0	490	0	68	3	0	0.0	0	0.0			286
2020-11-04	97565	4740	154	1	581	1	69	3	0	0.001	0	0.0			287
2020-11-05	97622	4740	57	0	618	1	69	3	0	0.0	0	0.0			288
2020-11-06	97684	4741	62	1	587	2	69	3	0	0.001	0	0.0			289
2020-11-07	97740	4741	56	0	587	2	69	3	0	0.0	0	0.0			290
2020-11-08	97816	4741	76	0	566	2	69	3	0	0.0	0	0.0			291
2020-11-09	97852	4741	36	0	519	2	69	3	0	0.0	0	0.0			292
2020-11-10	97902	4742	50	1	491	3	69	3	0	0.001	0	0.0			293
2020-11-11	97948	4742	46	0	383	2	69	3	0	0.0	0	0.0			294
2020-11-12	97980	4742	32	0	358	2	69	3	0	0.0	0	0.0			295
2020-11-13	98018	4742	38	0	334	1	69	3	0	0.0	0	0.0			296
2020-11-14	98045	4742	27	0	305	1	69	3	0	0.0	0	0.0			297
2020-11-15	98069	4742	24	0	253	1	69	3	0	0.0	0	0.0			298
2020-11-16	98104	4742	35	0	252	1	69	3	0	0.0	0	0.0			299
2020-11-17	98126	4742	22	0	224	0	69	3	0	0.0	0	0.0			300
2020-11-18	98150	4742	24	0	202	0	69	3	0	0.0	0	0.0			301
2020-11-19	98185	4742	35	0	205	0	69	3	0	0.0	0	0.0			302
2020-11-20	98240	4742	55	0	222	0	69	3	0	0.0	0	0.0			303
2020-11-21	98318	4742	78	0	273	0	69	3	0	0.0	0	0.0			304
2020-11-22	98407	4742	89	0	338	0	69	3	0	0.0	0	0.0			305
2020-11-23	98511	4742	104	0	407	0	69	3	0	0.0	0	0.0			306
2020-11-24	98598	4742	87	0	472	0	69	3	0	0.0	0	0.0			307
2020-11-25	98709	4742	111	0	559	0	69	3	0	0.0	0	0.0			308
2020-11-26	98796	4742	87	0	611	0	69	3	0	0.0	0	0.0			309
2020-11-27	98902	4742	106	0	662	0	70	3	0	0.0	0	0.0			310
2020-11-28	99000	4743	98	1	682	1	70	3	0	0.001	0	0.0			311
2020-11-29	99142	4743	142	0	735	1	70	3	0	0.0	0	0.0			312
2020-11-30	99245	4743	103	0	734	1	70	3	0	0.0	0	0.0			313
2020-12-01	99336	4743	91	0	738	1	70	3	0	0.0	0	0.0			314
2020-12-02	99458	4744	122	1	749	2	70	3	0	0.001	0	0.0			315
2020-12-03	99570	4744	112	0	774	2	70	3	0	0.0	0	0.0			316
2020-12-04	99709	4746	139	2	807	4	70	3	0	0.001	0	0.0			317
2020-12-05	99839	4746	130	0	839	3	70	3	0	0.0	0	0.0			318
2020-12-06	99945	4746	106	0	803	3	70	3	0	0.0	0	0.0			319
2020-12-07	100043	4746	98	0	798	3	70	3	0	0.0	0	0.0			320
2020-12-08	100159	4746	116	0	823	3	70	3	0	0.0	0	0.0			321
2020-12-09	100275	4748	116	2	817	4	71	3	0	0.001	0	0.0			322
2020-12-10	100405	4748	130	0	835	4	71	3	0	0.0	0	0.0			323
2020-12-11	100509	4748	104	0	800	2	71	3	0	0.0	0	0.0			324
2020-12-12	100617	4749	108	1	778	3	71	3	0	0.001	0	0.0			325
2020-12-13	100737	4751	120	2	792	5	71	3	0	0.001	0	0.0			326
2020-12-14	100844	4754	107	3	801	8	71	3	0	0.002	0	0.01			327
2020-12-15	100959	4756	115	2	800	10	71	3	0	0.001	0	0.01			328
2020-12-16	101056	4757	97	1	781	9	71	3	0	0.001	0	0.01			329
2020-12-17	101170	4759	114	2	765	11	71	3	0	0.001	0	0.01			330
2020-12-18	101267	4763	97	4	758	15	71	3	0	0.003	0	0.01			331
2020-12-19	101415	4763	148	0	798	14	71	3	0	0.0	0	0.01			332
2020-12-20	101521	4763	106	0	784	12	71	3	0	0.0	0	0.01			333
2020-12-21	101635	4765	114	2	791	11	71	3	0	0.001	0	0.01			334
2020-12-22	101728	4766	93	1	769	10	72	3	0	0.001	0	0.01			335
2020-12-23	101811	4767	83	1	755	10	72	3	0	0.001	0	0.01			336
2020-12-24	101909	4769	98	2	739	10	72	3	0	0.001	0	0.01			337
2020-12-25	102002	4770	93	1	735	7	72	3	0	0.001	0	0.0			338
2020-12-26	102102	4770	100	0	687	7	72	3	0	0.0	0	0.0			339
2020-12-27	102207	4770	105	0	686	7	72	3	0	0.0	0	0.0			340
2020-12-28	102311	4773	104	3	676	8	72	3	0	0.002	0	0.01			341
2020-12-29	102389	4777	78	4	661	11	72	3	0	0.003	0	0.01			342
2020-12-30	102481	4780	92	3	670	13	72	3	0	0.002	0	0.01			343
2020-12-31	102571	4782	90	2	662	13	72	3	0	0.001	0	0.01			344
2021-01-01	102649	4783	78	1	647	13	72	3	0	0.001	0	0.01			345
2021-01-02	102731	4784	82	1	629	14	72	3	0	0.001	0	0.01			346
2021-01-03	102808	4784	77	0	601	14	72	3	0	0.0	0	0.01			347
2021-01-04	102930	4785	122	1	619	12	72	3	0	0.001	0	0.01			348
2021-01-05	103026	4787	96	2	637	10	72	3	0	0.001	0	0.01			349
2021-01-06	103170	4788	144	1	689	8	73	3	0	0.001	0	0.01			350
2021-01-07	103331	4788	161	0	760	6	73	3	0	0.0	0	0.0			351
2021-01-08	103461	4789	130	1	812	6	73	3	0	0.001	0	0.0			352
2021-01-09	103626	4791	165	2	895	7	73	3	0	0.001	0	0.0			353
2021-01-10	103754	4792	128	1	946	8	73	3	0	0.001	0	0.01			354
2021-01-11	103895	4792	141	0	965	7	73	3	0	0.0	0	0.0			355
2021-01-12	104146	4793	251	1	1120	6	73	3	0	0.001	0	0.0			356
2021-01-13	104322	4796	176	3	1152	8	73	3	0	0.002	0	0.01			357
2021-01-14	104563	4796	241	0	1232	8	74	3	0	0.0	0	0.01			358
2021-01-15	104777	4796	214	0	1316	7	74	3	0	0.0	0	0.0			359
2021-01-16	104995	4797	218	1	1369	6	74	3	0	0.001	0	0.0			360
2021-01-17	105246	4797	251	0	1492	5	74	3	0	0.0	1	0.0			361
2021-01-18	105525	4798	279	1	1630	6	74	3	0	0.001	1	0.0			362
2021-01-19	105715	4799	190	1	1569	6	74	3	0	0.001	1	0.0			363
2021-01-20	105955	4801	240	2	1633	5	75	3	0	0.001	1	0.0			364
2021-01-21	106193	4802	238	1	1630	6	75	3	0	0.001	1	0.0			365
2021-01-22	106453	4802	260	0	1676	6	75	3	0	0.0	1	0.0			366
2021-01-23	106683	4803	230	1	1688	6	75	3	0	0.001	1	0.0			367
2021-01-24	106954	4804	271	1	1708	7	75	3	0	0.001	1	0.0			368
2021-01-25	107069	4807	115	3	1544	9	75	3	0	0.002	1	0.01			369
2021-01-26	107230	4809	161	2	1515	10	75	3	0	0.001	1	0.01			370
2021-01-27	107402	4810	172	1	1447	9	76	3	0	0.001	1	0.01			371
2021-01-28	107510	4813	108	3	1317	11	76	3	0	0.002	0	0.01			372
2021-01-29	107642	4814	132	1	1189	12	76	3	0	0.001	0	0.01			373
2021-01-30	107771	4814	129	0	1088	11	76	3	0	0.0	0	0.01			374
2021-01-31	107827	4817	56	3	873	13	76	3	0	0.002	0	0.01			375
2021-02-01	107902	4818	75	1	833	11	76	3	0	0.001	0	0.01			376
2021-02-02	107961	4819	59	1	731	10	76	3	0	0.001	0	0.01			377
2021-02-03	108012	4821	51	2	610	11	76	3	0	0.001	0	0.01			378
2021-02-04	108060	4822	48	1	550	9	76	3	0	0.001	0	0.01			379
2021-02-05	108135	4822	75	0	493	8	76	3	0	0.0	0	0.01			380
2021-02-06	108174	4822	39	0	403	8	76	3	0	0.0	0	0.01			381
2021-02-07	108226	4822	52	0	399	5	76	3	0	0.0	0	0.0			382
2021-02-08	108288	4822	62	0	386	4	76	3	0	0.0	0	0.0			383
2021-02-09	108342	4823	54	1	381	4	76	3	0	0.001	0	0.0			384
2021-02-10	108365	4824	23	1	353	3	76	3	0	0.001	0	0.0			385
2021-02-11	108414	4827	49	3	354	5	76	3	0	0.002	0	0.0			386
2021-02-12	108450	4828	36	1	315	6	76	3	0	0.001	0	0.0			387
2021-02-13	108482	4829	32	1	308	7	76	3	0	0.001	0	0.0			388
2021-02-14	108519	4829	37	0	293	7	76	3	0	0.0	0	0.0			389
2021-02-15	108551	4829	32	0	263	7	76	3	0	0.0	0	0.0			390
2021-02-16	108575	4830	24	1	233	7	76	3	0	0.001	0	0.0			391
2021-02-17	108607	4831	32	1	242	7	76	3	0	0.001	0	0.0			392
2021-02-18	108645	4833	38	2	231	6	76	3	0	0.001	0	0.0			393
2021-02-19	108674	4833	29	0	224	5	76	3	0	0.0	0	0.0			394
2021-02-20	108707	4833	33	0	225	4	77	3	0	0.0	0	0.0			395
2021-02-21	108743	4833	36	0	224	4	77	3	0	0.0	0	0.0			396
2021-02-22	108775	4833	32	0	224	4	77	3	0	0.0	0	0.0			397
2021-02-23	108807	4833	32	0	232	3	77	3	0	0.0	0	0.0			398
2021-02-24	108839	4833	32	0	232	2	77	3	0	0.0	0	0.0			399
2021-02-25	108866	4834	27	1	221	1	77	3	0	0.001	0	0.0			400
2021-02-26	108906	4834	40	0	232	1	77	3	0	0.0	0	0.0			401
2021-02-27	108950	4834	44	0	243	1	77	3	0	0.0	0	0.0			402
2021-02-28	108997	4835	47	1	254	2	77	3	0	0.001	0	0.0			403
2021-03-01	109034	4836	37	1	259	3	77	3	0	0.001	0	0.0			404
2021-03-02	109061	4836	27	0	254	3	77	3	0	0.0	0	0.0			405
2021-03-03	109101	4836	40	0	262	3	77	3	0	0.0	0	0.0			406
2021-03-04	109131	4837	30	1	265	3	77	3	0	0.001	0	0.0			407
2021-03-05	109162	4837	31	0	256	3	77	3	0	0.0	0	0.0			408
2021-03-06	109207	4838	45	1	257	4	77	3	0	0.001	0	0.0			409
2021-03-07	109248	4838	41	0	251	3	77	3	0	0.0	0	0.0			410
2021-03-08	109280	4838	32	0	246	2	77	3	0	0.0	0	0.0			411
2021-03-09	109315	4838	35	0	254	2	77	3	0	0.0	0	0.0			412
2021-03-10	109350	4838	35	0	249	2	77	3	0	0.0	0	0.0			413
2021-03-11	109390	4839	40	1	259	2	77	3	0	0.001	0	0.0			414
2021-03-12	109464	4839	74	0	302	2	77	3	0	0.0	0	0.0			415
2021-03-13	109538	4839	74	0	331	1	77	3	0	0.0	0	0.0			416
2021-03-14	109577	4839	39	0	329	1	77	3	0	0.0	0	0.0			417
2021-03-15	109628	4839	51	0	348	1	77	3	0	0.0	0	0.0			418
2021-03-16	109655	4839	27	0	340	1	77	3	0	0.0	0	0.0			419
2021-03-17	109686	4839	31	0	336	1	77	3	0	0.0	0	0.0			420
2021-03-18	109713	4839	27	0	323	0	77	3	0	0.0	0	0.0			421
2021-03-19	109735	4839	22	0	271	0	77	3	0	0.0	0	0.0			422
2021-03-20	109762	4839	27	0	224	0	77	3	0	0.0	0	0.0			423
2021-03-21	109781	4839	19	0	204	0	77	3	0	0.0	0	0.0			424
2021-03-22	109815	4839	34	0	187	0	77	3	0	0.0	0	0.0			425
2021-03-23	109850	4839	35	0	195	0	77	3	0	0.0	0	0.0			426
2021-03-24	109878	4840	28	1	192	1	77	3	0	0.001	0	0.0			427
2021-03-25	109906	4840	28	0	193	1	77	3	0	0.0	0	0.0			428
2021-03-26	109960	4841	54	1	225	2	77	3	0	0.001	0	0.0			429
2021-03-27	110001	4841	41	0	239	2	77	3	0	0.0	0	0.0			430
2021-03-28	110029	4841	28	0	248	2	77	3	0	0.0	0	0.0			431
2021-03-29	110060	4841	31	0	245	2	77	3	0	0.0	0	0.0			432
2021-03-30	110081	4841	21	0	231	2	77	3	0	0.0	0	0.0			433
2021-03-31	110109	4841	28	0	231	1	77	3	0	0.0	0	0.0			434
2021-04-01	110169	4841	60	0	263	1	78	3	0	0.0	0	0.0			435
2021-04-02	110235	4841	66	0	275	0	78	3	0	0.0	0	0.0			436
2021-04-03	110273	4841	38	0	272	0	78	3	0	0.0	0	0.0			437
2021-04-04	110327	4841	54	0	298	0	78	3	0	0.0	0	0.0			438
2021-04-05	110382	4841	55	0	322	0	78	3	0	0.0	0	0.0			439
2021-04-06	110405	4841	23	0	324	0	78	3	0	0.0	0	0.0			440
2021-04-07	110442	4841	37	0	333	0	78	3	0	0.0	0	0.0			441
2021-04-08	110474	4841	32	0	305	0	78	3	0	0.0	0	0.0			442
2021-04-09	110513	4842	39	1	278	1	78	3	0	0.001	0	0.0			443
2021-04-10	110536	4843	23	1	263	2	78	3	0	0.001	0	0.0			444
2021-04-11	110587	4843	51	0	260	2	78	3	0	0.0	0	0.0			445
2021-04-12	110619	4843	32	0	237	2	78	3	0	0.0	0	0.0			446
2021-04-13	110658	4843	39	0	253	2	78	3	0	0.0	0	0.0			447
2021-04-14	110683	4845	25	2	241	4	78	3	0	0.001	0	0.0			448
2021-04-15	110715	4845	32	0	241	4	78	3	0	0.0	0	0.0			449
2021-04-16	110778	4845	63	0	265	3	78	3	0	0.0	0	0.0			450
2021-04-17	110829	4845	51	0	293	2	78	3	0	0.0	0	0.0			451
2021-04-18	110881	4845	52	0	294	2	78	3	0	0.0	0	0.0			452
2021-04-19	110916	4845	35	0	297	2	78	3	0	0.0	0	0.0			453
2021-04-20	110952	4845	36	0	294	2	78	3	0	0.0	0	0.0			454
2021-04-21	110966	4845	14	0	283	0	78	3	0	0.0	0	0.0			455
2021-04-22	111014	4845	48	0	299	0	78	3	0	0.0	0	0.0			456
2021-04-23	111053	4845	39	0	275	0	78	3	0	0.0	0	0.0			457
2021-04-24	111079	4845	26	0	250	0	78	3	0	0.0	0	0.0			458
2021-04-25	111110	4845	31	0	229	0	78	3	0	0.0	0	0.0			459
2021-04-26	111142	4845	32	0	226	0	78	3	0	0.0	0	0.0			460
2021-04-27	111172	4845	30	0	220	0	78	3	0	0.0	0	0.0			461
2021-04-28	111211	4845	39	0	245	0	78	3	0	0.0	0	0.0			462
2021-04-29	111252	4845	41	0	238	0	78	3	0	0.0	0	0.0			463
2021-04-30	111290	4845	38	0	237	0	78	3	0	0.0	0	0.0			464
2021-05-01	111325	4846	35	1	246	1	78	3	0	0.001	0	0.0			465
2021-05-02	111354	4846	29	0	244	1	78	3	0	0.0	0	0.0			466
2021-05-03	111385	4846	31	0	243	1	78	3	0	0.0	0	0.0			467
2021-05-04	111411	4846	26	0	239	1	78	3	0	0.0	0	0.0			468
2021-05-05	111431	4846	20	0	220	1	78	3	0	0.0	0	0.0			469
2021-05-06	111451	4846	20	0	199	1	78	3	0	0.0	0	0.0			470
2021-05-07	111478	4846	27	0	188	1	78	3	0	0.0	0	0.0			471
2021-05-08	111501	4846	23	0	176	0	78	3	0	0.0	0	0.0			472
2021-05-09	111522	4846	21	0	168	0	78	3	0	0.0	0	0.0			473
2021-05-10	111558	4846	36	0	173	0	79	3	0	0.0	0	0.0			474
2021-05-11	111596	4846	38	0	185	0	79	3	0	0.0	0	0.0			475
2021-05-12	111614	4846	18	0	183	0	79	3	0	0.0	0	0.0			476
2021-05-13	111637	4846	23	0	186	0	79	3	0	0.0	0	0.0			477
2021-05-14	111674	4846	37	0	196	0	79	3	0	0.0	0	0.0			478
2021-05-15	111720	4846	46	0	219	0	79	3	0	0.0	0	0.0			479
2021-05-16	111766	4846	46	0	244	0	79	3	0	0.0	0	0.0			480
2021-05-17	111803	4846	37	0	245	0	79	3	0	0.0	0	0.0			481
2021-05-18	111832	4846	29	0	236	0	79	3	0	0.0	0	0.0			482
2021-05-19	111857	4846	25	0	243	0	79	3	0	0.0	0	0.0			483
2021-05-20	111897	4846	40	0	260	0	79	3	0	0.0	0	0.0			484
2021-05-21	111933	4846	36	0	259	0	79	3	0	0.0	0	0.0			485
2021-05-22	111975	4846	42	0	255	0	79	3	0	0.0	0	0.0			486
2021-05-23	112014	4846	39	0	248	0	79	3	0	0.0	0	0.0			487
2021-05-24	112051	4846	37	0	248	0	79	3	0	0.0	0	0.0			488
2021-05-25	112082	4846	31	0	250	0	79	3	0	0.0	0	0.0			489
2021-05-26	112113	4846	31	0	256	0	79	3	0	0.0	0	0.0			490
2021-05-27	112141	4846	28	0	244	0	79	3	0	0.0	0	0.0			491
2021-05-28	112183	4846	42	0	250	0	79	3	0	0.0	0	0.0			492
2021-05-29	112207	4846	24	0	232	0	79	3	0	0.0	0	0.0			493
2021-05-30	112256	4846	49	0	242	0	79	3	0	0.0	0	0.0			494
2021-05-31	112286	4846	30	0	235	0	79	3	0	0.0	0	0.0			495
2021-06-01	112329	4846	43	0	247	0	79	3	0	0.0	0	0.0			496
2021-06-02	112368	4846	39	0	255	0	79	3	0	0.0	0	0.0			497
2021-06-03	112407	4846	39	0	266	0	79	3	0	0.0	0	0.0			498
2021-06-04	112450	4846	43	0	267	0	79	3	0	0.0	0	0.0			499
2021-06-05	112503	4846	53	0	296	0	79	3	0	0.0	0	0.0			500
2021-06-06	112539	4846	36	0	283	0	79	3	0	0.0	0	0.0			501
2021-06-07	112597	4846	58	0	311	0	79	3	0	0.0	0	0.0			502
2021-06-08	112620	4846	23	0	291	0	79	3	0	0.0	0	0.0			503
2021-06-09	112653	4846	33	0	285	0	79	3	0	0.0	0	0.0			504
2021-06-10	112702	4846	49	0	295	0	79	3	0	0.0	0	0.0			505
2021-06-11	112758	4846	56	0	308	0	79	3	0	0.0	0	0.0			506
2021-06-12	112820	4846	62	0	317	0	79	3	0	0.0	0	0.0			507
2021-06-13	112854	4846	34	0	315	0	79	3	0	0.0	0	0.0			508
2021-06-14	112896	4846	42	0	299	0	79	3	0	0.0	0	0.0			509
2021-06-15	112943	4846	47	0	323	0	80	3	0	0.0	0	0.0			510
2021-06-16	112997	4846	54	0	344	0	80	3	0	0.0	0	0.0			511
2021-06-17	113040	4846	43	0	338	0	80	3	0	0.0	0	0.0			512
2021-06-18	113094	4846	54	0	336	0	80	3	0	0.0	0	0.0			513
2021-06-19	113157	4846	63	0	337	0	80	3	0	0.0	0	0.0			514
2021-06-20	113186	4846	29	0	332	0	80	3	0	0.0	0	0.0			515
2021-06-21	113229	4846	43	0	333	0	80	3	0	0.0	0	0.0			516
2021-06-22	113278	4846	49	0	335	0	80	3	0	0.0	0	0.0			517
2021-06-23	113305	4846	27	0	308	0	80	3	0	0.0	0	0.0			518
2021-06-24	113347	4846	42	0	307	0	80	3	0	0.0	0	0.0			519
2021-06-25	113394	4847	47	1	300	1	80	3	0	0.001	0	0.0			520
2021-06-26	113431	4847	37	0	274	1	80	3	0	0.0	0	0.0			521
2021-06-27	113478	4847	47	0	292	1	80	3	0	0.0	0	0.0			522
2021-06-28	113519	4847	41	0	290	1	80	3	0	0.0	0	0.0			523
2021-06-29	113555	4847	36	0	277	1	80	3	0	0.0	0	0.0			524
2021-06-30	113577	4847	22	0	272	1	80	3	0	0.0	0	0.0			525
2021-07-01	113614	4847	37	0	267	1	80	3	0	0.0	0	0.0			526
2021-07-02	113667	4847	53	0	273	0	80	3	0	0.0	0	0.0			527
2021-07-03	113694	4847	27	0	263	0	80	3	0	0.0	0	0.0			528
2021-07-04	113735	4847	41	0	257	0	80	3	0	0.0	0	0.0			529
2021-07-05	113771	4848	36	1	252	1	80	3	0	0.001	0	0.0			530
2021-07-06	113854	4848	83	0	299	1	80	3	0	0.0	0	0.0			531
2021-07-07	113910	4848	56	0	333	1	80	3	0	0.0	0	0.0			532
2021-07-08	113943	4848	33	0	329	1	80	3	0	0.0	0	0.0			533
2021-07-09	113992	4848	49	0	325	1	80	3	0	0.0	0	0.0			534
2021-07-10	114006	4848	14	0	312	1	80	3	0	0.0	0	0.0			535
2021-07-11	114074	4848	68	0	339	1	80	3	0	0.0	0	0.0			536
2021-07-12	114112	4848	38	0	341	0	80	3	0	0.0	0	0.0			537
2021-07-13	114156	4848	44	0	302	0	80	3	0	0.0	0	0.0			538
2021-07-14	114193	4848	37	0	283	0	80	3	0	0.0	0	0.0			539
2021-07-15	114236	4848	43	0	293	0	80	3	0	0.0	0	0.0			540
2021-07-16	114286	4848	50	0	294	0	80	3	0	0.0	0	0.0			541
2021-07-17	114330	4848	44	0	324	0	80	3	0	0.0	0	0.0			542
2021-07-18	114386	4848	56	0	312	0	81	3	0	0.0	0	0.0			543
2021-07-19	114464	4848	78	0	352	0	81	3	0	0.0	0	0.0			544
2021-07-20	114489	4848	25	0	333	0	81	3	0	0.0	0	0.0			545
2021-07-21	114589	4848	100	0	396	0	81	3	0	0.0	0	0.0			546
2021-07-22	114648	4848	59	0	412	0	81	3	0	0.0	0	0.0			547
2021-07-23	114711	4851	63	3	425	3	81	3	0	0.002	0	0.0			548
2021-07-24	114763	4848	52	0	433	0	81	3	0	0.0	0	0.0			549
2021-07-25	114853	4848	90	0	467	0	81	3	0	0.0	0	0.0			550
2021-07-26	114935	4848	82	0	471	0	81	3	0	0.0	0	0.0			551
2021-07-27	115032	4848	97	0	543	0	81	3	0	0.0	0	0.0			552
2021-07-28	115090	4848	58	0	501	0	81	3	0	0.0	0	0.0			553
2021-07-29	115170	4848	80	0	522	0	81	3	0	0.0	0	0.0			554
2021-07-30	115248	4848	78	0	537	0	81	3	0	0.0	0	0.0			555
2021-07-31	115341	4848	93	0	578	0	81	3	0	0.0	0	0.0			556
2021-08-01	115473	4848	132	0	620	0	81	3	0	0.0	0	0.0			557
2021-08-02	115619	4848	146	0	684	0	81	3	0	0.0	0	0.0			558
2021-08-03	115760	4848	141	0	728	0	81	3	0	0.0	0	0.0			559
2021-08-04	115854	4848	94	0	764	0	82	3	0	0.0	0	0.0			560
2021-08-05	116037	4848	183	0	867	0	82	3	0	0.0	0	0.0			561
2021-08-06	116198	4848	161	0	950	0	82	3	0	0.0	0	0.0			562
2021-08-07	116327	4848	129	0	986	0	82	3	0	0.0	0	0.0			563
2021-08-08	116460	4848	133	0	987	0	82	3	0	0.0	0	0.0			564
2021-08-09	116601	4848	141	0	982	0	82	3	0	0.0	0	0.0			565
2021-08-10	116710	4848	109	0	950	0	82	3	0	0.0	0	0.0			566
2021-08-11	116803	4848	93	0	949	0	82	3	0	0.0	0	0.0			567
2021-08-12	116944	4848	141	0	907	0	82	3	0	0.0	0	0.0			568
2021-08-13	117016	4848	72	0	818	0	82	3	0	0.0	0	0.0			569
2021-08-14	117083	4848	67	0	756	0	82	3	0	0.0	0	0.0			570
2021-08-15	117160	4848	77	0	700	0	82	3	0	0.0	0	0.0			571
2021-08-16	117216	4848	56	0	615	0	83	3	0	0.0	0	0.0			572
2021-08-17	117263	4848	47	0	553	0	83	3	0	0.0	0	0.0			573
2021-08-18	117329	4848	66	0	526	0	83	3	0	0.0	0	0.0			574
2021-08-19	117391	4848	62	0	447	0	83	3	0	0.0	0	0.0			575
2021-08-20	117441	4848	50	0	425	0	83	3	0	0.0	0	0.0			576
2021-08-21	117493	4848	52	0	410	0	83	3	0	0.0	0	0.0			577
2021-08-22	117538	4848	45	0	378	0	83	3	0	0.0	0	0.0			578
2021-08-23	117591	4848	53	0	375	0	83	3	0	0.0	0	0.0			579
2021-08-24	117622	4848	31	0	359	0	83	3	0	0.0	0	0.0			580
2021-08-25	117661	4848	39	0	332	0	83	3	0	0.0	0	0.0			581
2021-08-26	117711	4848	50	0	320	0	83	3	0	0.0	0	0.0			582
2021-08-27	117768	4848	57	0	327	0	83	3	0	0.0	0	0.0			583
2021-08-28	117813	4848	45	0	320	0	83	3	0	0.0	0	0.0			584
2021-08-29	117859	4848	46	0	321	0	83	3	0	0.0	0	0.0			585
2021-08-30	117919	4848	60	0	328	0	83	3	0	0.0	0	0.0			586
2021-08-31	117950	4848	31	0	328	0	83	3	0	0.0	0	0.0			587
2021-09-01	117991	4848	41	0	330	0	83	3	0	0.0	0	0.0			588
2021-09-02	118037	4848	46	0	326	0	83	3	0	0.0	0	0.0			589
2021-09-03	118082	4848	45	0	314	0	83	3	0	0.0	0	0.0			590
2021-09-04	118126	4848	44	0	313	0	83	3	0	0.0	0	0.0			591
2021-09-05	118172	4848	46	0	313	0	83	3	0	0.0	0	0.0			592
2021-09-06	118223	4848	51	0	304	0	83	3	0	0.0	0	0.0			593
2021-09-07	118255	4848	32	0	305	0	83	3	0	0.0	0	0.0			594
2021-09-08	118296	4848	41	0	305	0	83	3	0	0.0	0	0.0			595
2021-09-09	118321	4848	25	0	284	0	83	3	0	0.0	0	0.0			596
2021-09-10	118371	4848	50	0	289	0	83	3	0	0.0	0	0.0			597
2021-09-11	118437	4848	66	0	311	0	83	3	0	0.0	0	0.0			598
2021-09-12	118528	4848	91	0	356	0	83	3	0	0.0	0	0.0			599
2021-09-13	118646	4849	118	1	423	1	84	3	0	0.001	0	0.0			600
2021-09-14	118724	4849	78	0	469	1	84	3	0	0.0	0	0.0			601
2021-09-15	118808	4849	84	0	512	1	84	3	0	0.0	0	0.0			602
2021-09-16	118892	4849	84	0	571	1	84	3	0	0.0	0	0.0			603
2021-09-17	118958	4849	66	0	587	1	84	3	0	0.0	0	0.0			604
2021-09-18	119038	4849	80	0	601	1	84	3	0	0.0	0	0.0			605
2021-09-19	119101	4849	63	0	573	1	84	3	0	0.0	0	0.0			606
2021-09-20	119188	4849	87	0	542	0	84	3	0	0.0	0	0.0			607
2021-09-21	119239	4849	51	0	515	0	84	3	0	0.0	0	0.0			608
2021-09-22	119290	4849	51	0	482	0	84	3	0	0.0	0	0.0			609
2021-09-23	119360	4849	70	0	468	0	84	3	0	0.0	0	0.0			610
2021-09-24	119418	4849	58	0	460	0	84	3	0	0.0	0	0.0			611
2021-09-25	119471	4849	53	0	433	0	84	3	0	0.0	0	0.0			612
2021-09-26	119526	4849	55	0	425	0	84	3	0	0.0	0	0.0			613
2021-09-27	119578	4849	52	0	390	0	84	3	0	0.0	0	0.0			614
2021-09-28	119624	4849	46	0	385	0	84	3	0	0.0	0	0.0			615
2021-09-29	119670	4849	46	0	380	0	84	3	0	0.0	0	0.0			616
2021-09-30	119726	4849	56	0	366	0	84	3	0	0.0	0	0.0			617
2021-10-01	119790	4849	64	0	372	0	84	3	0	0.0	0	0.0			618
2021-10-02	119832	4849	42	0	361	0	84	3	0	0.0	0	0.0			619
2021-10-03	119872	4849	40	0	346	0	84	3	0	0.0	0	0.0			620
2021-10-04	119916	4849	44	0	338	0	84	3	0	0.0	0	0.0			621
2021-10-05	119965	4849	49	0	341	0	84	3	0	0.0	0	0.0			622
2021-10-06	120007	4849	42	0	337	0	85	3	0	0.0	0	0.0			623
2021-10-07	120048	4849	41	0	322	0	85	3	0	0.0	0	0.0			624
2021-10-08	120081	4849	33	0	291	0	85	3	0	0.0	0	0.0			625
2021-10-09	120102	4849	21	0	270	0	85	3	0	0.0	0	0.0			626
2021-10-10	120169	4849	67	0	297	0	85	3	0	0.0	0	0.0			627
2021-10-11	120195	4849	26	0	279	0	85	3	0	0.0	0	0.0			628
2021-10-12	120234	4849	39	0	269	0	85	3	0	0.0	0	0.0			629
2021-10-13	120278	4849	44	0	271	0	85	3	0	0.0	0	0.0			630
2021-10-14	120304	4849	26	0	256	0	85	3	0	0.0	0	0.0			631
2021-10-15	120349	4849	45	0	268	0	85	3	0	0.0	0	0.0			632
2021-10-16	120389	4849	40	0	287	0	85	3	0	0.0	0	0.0			633
2021-10-17	120426	4849	37	0	257	0	85	3	0	0.0	0	0.0			634
2021-10-18	120460	4849	34	0	265	0	85	3	0	0.0	0	0.0			635
2021-10-19	120507	4849	47	0	273	0	85	3	0	0.0	0	0.0			636
2021-10-20	120550	4849	43	0	272	0	85	3	0	0.0	0	0.0			637
2021-10-21	120629	4849	79	0	325	0	85	3	0	0.0	0	0.0			638
2021-10-22	120701	4849	72	0	352	0	85	3	0	0.0	0	0.0			639
2021-10-23	120765	4849	64	0	376	0	85	3	0	0.0	0	0.0			640
2021-10-24	120817	4849	52	0	391	0	85	3	0	0.0	0	0.0			641
2021-10-25	120872	4849	55	0	412	0	85	3	0	0.0	0	0.0			642
2021-10-26	120954	4849	82	0	447	0	85	3	0	0.0	0	0.0			643
2021-10-27	121015	4849	61	0	465	0	85	3	0	0.0	0	0.0			644
2021-10-28	121102	4849	87	0	473	0	85	3	0	0.0	0	0.0			645
2021-10-29	121200	4849	98	0	499	0	85	3	0	0.0	0	0.0			646
2021-10-30	121292	4849	92	0	527	0	85	3	0	0.0	0	0.0			647
2021-10-31	121396	4849	104	0	579	0	85	3	0	0.0	0	0.0			648
2021-11-01	121477	4849	81	0	605	0	86	3	0	0.0	0	0.0			649
2021-11-02	121593	4849	116	0	639	0	86	3	0	0.0	0	0.0			650
2021-11-03	121714	4849	121	0	699	0	86	3	0	0.0	0	0.0			651
2021-11-04	121827	4849	113	0	725	0	86	3	0	0.0	0	0.0			652
2021-11-05	121925	4849	98	0	725	0	86	3	0	0.0	0	0.0			653
2021-11-06	122022	4849	97	0	730	0	86	3	0	0.0	0	0.0			654
2021-11-07	122141	4849	119	0	745	0	86	3	0	0.0	0	0.0			655
2021-11-08	122228	4849	87	0	751	0	86	3	0	0.0	0	0.0			656
2021-11-09	122345	4849	117	0	752	0	86	3	0	0.0	0	0.0			657
2021-11-10	122445	4849	100	0	731	0	86	3	0	0.0	0	0.0			658
2021-11-11	122563	4849	118	0	736	0	86	3	0	0.0	0	0.0			659
2021-11-12	122658	4849	95	0	733	0	86	3	0	0.0	0	0.0			660
2021-11-13	122750	4849	92	0	728	0	86	3	0	0.0	0	0.0			661
2021-11-14	122826	4849	76	0	685	0	87	3	0	0.0	0	0.0			662
2021-11-15	122855	4849	29	0	627	0	87	3	0	0.0	0	0.0			663
2021-11-16	122895	4849	40	0	550	0	87	3	0	0.0	0	0.0			664
2021-11-17	122946	4849	51	0	501	0	87	3	0	0.0	0	0.0			665
2021-11-18	122994	4849	48	0	431	0	87	3	0	0.0	0	0.0			666
2021-11-19	123041	4849	47	0	383	0	87	3	0	0.0	0	0.0			667
2021-11-20	123076	4849	35	0	326	0	87	3	0	0.0	0	0.0			668
2021-11-21	123123	4849	47	0	297	0	87	3	0	0.0	0	0.0			669
2021-11-22	123169	4849	46	0	314	0	87	3	0	0.0	0	0.0			670
2021-11-23	123212	4849	43	0	317	0	87	3	0	0.0	0	0.0			671
2021-11-24	123252	4849	40	0	306	0	87	3	0	0.0	0	0.0			672
2021-11-25	123293	4849	41	0	299	0	87	3	0	0.0	0	0.0			673
2021-11-26	123339	4849	46	0	298	0	87	3	0	0.0	0	0.0			674
2021-11-27	123376	4849	37	0	300	0	87	3	0	0.0	0	0.0			675
2021-11-28	123441	4849	65	0	318	0	87	3	0	0.0	0	0.0			676
2021-11-29	123501	4849	60	0	332	0	87	3	0	0.0	0	0.0			677
2021-11-30	123638	4849	137	0	426	0	87	3	0	0.0	0	0.0			678
2021-12-01	123725	4849	87	0	473	0	87	3	0	0.0	0	0.0			679
2021-12-02	123839	4849	114	0	546	0	87	3	0	0.0	0	0.0			680
2021-12-03	123956	4849	117	0	617	0	87	3	0	0.0	0	0.0			681
2021-12-04	124034	4849	78	0	658	0	87	3	0	0.0	0	0.0			682
2021-12-05	124123	4849	89	0	682	0	87	3	0	0.0	0	0.0			683
2021-12-06	124262	4849	139	0	761	0	88	3	0	0.0	0	0.0			684
2021-12-07	124346	4849	84	0	708	0	88	3	0	0.0	0	0.0			685
2021-12-08	124447	4849	101	0	722	0	88	3	0	0.0	0	0.0			686
2021-12-09	124549	4849	102	0	710	0	88	3	0	0.0	0	0.0			687
2021-12-10	124673	4849	124	0	717	0	88	3	0	0.0	0	0.0			688
2021-12-11	124751	4849	78	0	717	0	88	3	0	0.0	0	0.0			689
2021-12-12	124856	4849	105	0	733	0	88	3	0	0.0	0	0.0			690
2021-12-13	124925	4849	69	0	663	0	88	3	0	0.0	0	0.0			691
2021-12-14	125012	4849	87	0	666	0	88	3	0	0.0	0	0.0			692
2021-12-15	125112	4849	100	0	665	0	88	3	0	0.0	0	0.0			693
2021-12-16	125216	4849	104	0	667	0	88	3	0	0.0	0	0.0			694
2021-12-17	125363	4849	147	0	690	0	88	3	0	0.0	0	0.0			695
2021-12-18	125475	4849	112	0	724	0	88	3	0	0.0	0	0.0			696
2021-12-19	125623	4849	148	0	767	0	88	3	0	0.0	0	0.0			697
2021-12-20	125695	4849	72	0	770	0	89	3	0	0.0	0	0.0			698
2021-12-21	125835	4849	140	0	823	0	89	3	0	0.0	0	0.0			699
2021-12-22	125958	4849	123	0	846	0	89	3	0	0.0	0	0.0			700
2021-12-23	126065	4849	107	0	849	0	89	3	0	0.0	0	0.0			701
2021-12-24	126233	4849	168	0	870	0	89	3	0	0.0	0	0.0			702
2021-12-25	126319	4849	86	0	844	0	89	3	0	0.0	0	0.0			703
2021-12-26	126559	4849	240	0	936	0	89	3	0	0.0	0	0.0			704
2021-12-27	126937	4849	378	0	1242	0	89	3	0	0.0	0	0.0			705
2021-12-28	127161	4849	224	0	1326	0	90	3	0	0.0	0	0.0			706
2021-12-29	127390	4849	229	0	1432	0	90	3	0	0.0	1	0.0			707
2021-12-30	127623	4849	233	0	1558	0	90	3	0	0.0	1	0.0			708
2021-12-31	127896	4849	273	0	1663	0	90	3	0	0.0	1	0.0			709
2022-01-01	128132	4849	236	0	1813	0	90	3	0	0.0	1	0.0			710
2022-01-02	128259	4849	127	0	1700	0	90	3	0	0.0	1	0.0			711
2022-01-03	128596	4849	337	0	1659	0	91	3	0	0.0	1	0.0			712
2022-01-04	128771	4849	175	0	1610	0	91	3	0	0.0	1	0.0			713
2022-01-05	129064	4849	293	0	1674	0	91	3	0	0.0	1	0.0			714
2022-01-06	129280	4849	216	0	1657	0	91	3	0	0.0	1	0.0			715
2022-01-07	129491	4849	211	0	1595	0	91	3	0	0.0	1	0.0			716
2022-01-08	129738	4849	247	0	1606	0	91	3	0	0.0	1	0.0			717
2022-01-09	129959	4849	221	0	1700	0	92	3	0	0.0	1	0.0			718
2022-01-10	130213	4849	254	0	1617	0	92	3	0	0.0	1	0.0			719
2022-01-11	130497	4849	284	0	1726	0	92	3	0	0.0	1	0.0			720
2022-01-12	130737	4849	240	0	1673	0	92	3	0	0.0	1	0.0			721
2022-01-13	130977	4849	240	0	1697	0	92	3	0	0.0	1	0.0			722
2022-01-14	131184	4849	207	0	1693	0	92	3	0	0.0	1	0.0			723
2022-01-15	131327	4849	143	0	1589	0	93	3	0	0.0	1	0.0			724
2022-01-16	131601	4849	274	0	1642	0	93	3	0	0.0	1	0.0			725
2022-01-17	131796	4849	195	0	1583	0	93	3	0	0.0	1	0.0			726
2022-01-18	131928	4849	132	0	1431	0	93	3	0	0.0	1	0.0			727
2022-01-19	132043	4849	115	0	1306	0	93	3	0	0.0	0	0.0			728
2022-01-20	132148	4849	105	0	1171	0	93	3	0	0.0	0	0.0			729
2022-01-21	132264	4849	116	0	1080	0	93	3	0	0.0	0	0.0			730
2022-01-22	132383	4849	119	0	1056	0	93	3	0	0.0	0	0.0			731
2022-01-23	132597	4849	214	0	996	0	93	3	0	0.0	0	0.0			732
2022-01-24	132772	4849	175	0	976	0	94	3	0	0.0	0	0.0			733
2022-01-25	132978	4849	206	0	1050	0	94	3	0	0.0	0	0.0			734
2022-01-26	133209	4849	231	0	1166	0	94	3	0	0.0	0	0.0			735
2022-01-27	133484	4849	275	0	1336	0	94	3	0	0.0	0	0.0			736
2022-01-28	133709	4849	225	0	1445	0	94	3	0	0.0	1	0.0			737
2022-01-29	133939	4849	230	0	1556	0	94	3	0	0.0	1	0.0			738
2022-01-30	134139	4849	200	0	1542	0	95	3	0	0.0	1	0.0			739
2022-01-31	134345	4849	206	0	1573	0	95	3	0	0.0	1	0.0			740
2022-02-01	134564	4849	219	0	1586	0	95	3	0	0.0	1	0.0			741
2022-02-02	134745	4849	181	0	1536	0	95	3	0	0.0	1	0.0			742
2022-02-03	135008	4849	263	0	1524	0	95	3	0	0.0	1	0.0			743
2022-02-04	135216	4849	208	0	1507	0	95	3	0	0.0	1	0.0			744
2022-02-05	135663	4849	447	0	1724	0	96	3	0	0.0	1	0.0			745
2022-02-06	136115	4849	452	0	1976	0	96	3	0	0.0	1	0.0			746
2022-02-07	136880	4849	765	0	2535	0	96	3	0	0.0	1	0.0			747
2022-02-08	137648	4849	768	0	3084	0	97	3	0	0.0	2	0.0			748
2022-02-09	138855	4851	1207	2	4110	2	98	3	0	0.001	2	0.0			749
2022-02-10	139968	4852	1113	1	4960	3	99	3	0	0.001	3	0.0			750
2022-02-11	141448	4852	1480	0	6232	3	100	3	1	0.0	4	0.0			751
2022-02-12	143060	4855	1612	3	7397	6	101	3	1	0.002	5	0.0			752
2022-02-13	144519	4855	1459	0	8404	6	102	3	1	0.0	5	0.0			753
2022-02-14	146700	4857	2181	2	9820	8	103	3	1	0.001	6	0.01			754
2022-02-15	148461	4860	1761	3	10813	11	105	3	1	0.002	7	0.01			755
2022-02-16	152856	4863	4395	3	14001	12	108	3	3	0.002	9	0.01			756
2022-02-17	159083	4874	6227	11	19115	22	112	3	4	0.008	13	0.02			757
2022-02-18	162889	4895	3806	21	21441	43	115	3	2	0.015	15	0.03			758
2022-02-19	169170	4912	6281	17	26110	57	119	3	4	0.012	18	0.04			759
2022-02-20	175417	4924	6247	12	30898	69	124	3	4	0.008	21	0.05			760
2022-02-21	183114	4936	7697	12	36414	79	129	3	5	0.008	25	0.06			761
2022-02-22	189565	4972	6451	36	41104	112	134	3	4	0.025	29	0.08			762
2022-02-23	198478	5021	8913	49	45622	158	140	3	6	0.035	32	0.11			763
2022-02-24	207599	5061	9121	40	48516	187	147	3	6	0.028	34	0.13			764
2022-02-25	217932	5133	10333	72	55043	238	154	3	7	0.051	38	0.17			765
2022-02-26	292792	5213	74860	80	123622	301	207	3	53	0.057	87	0.21			766
2022-02-27	344032	5295	51240	82	168615	371	243	3	36	0.058	119	0.26			767
2022-02-28	400569	5380	56537	85	217455	444	283	3	40	0.06	154	0.31			768
2022-03-01	456582	5626	56013	246	267017	654	323	3	39	0.174	189	0.46			769
2022-03-02	533295	5804	76713	178	334817	783	377	4	54	0.126	237	0.55			770
2022-03-03	610697	6002	77402	198	403098	941	432	4	54	0.14	285	0.67			771
2022-03-04	683791	6190	73094	188	465859	1057	484	4	51	0.133	329	0.75			772
2022-03-05	751844	6410	68053	220	459052	1197	532	4	48	0.156	325	0.85			773
2022-03-06	792163	6643	40319	233	448131	1348	561	4	28	0.165	317	0.95			774
2022-03-07	829306	6923	37143	280	428737	1543	587	4	26	0.198	303	1.09			775
2022-03-08	868818	7214	39512	291	412236	1588	615	5	27	0.206	291	1.12			776
2022-03-09	899945	7505	31127	291	366650	1701	637	5	22	0.206	259	1.2			777
2022-03-10	932696	7786	32751	281	321999	1784	660	5	23	0.199	228	1.26			778
2022-03-11	963302	8080	30606	294	279511	1890	682	5	21	0.208	197	1.34			779
2022-03-12	992569	8365	29267	285	240725	1955	703	5	20	0.202	170	1.38			780
2022-03-13	1028437	8629	35868	264	236274	1986	728	6	25	0.187	167	1.41			781
2022-03-14	1057573	8915	29136	286	228267	1992	749	6	20	0.203	161	1.41			782
2022-03-15	1090400	9204	32827	289	221582	1990	772	6	23	0.205	156	1.41			783
2022-03-16	1123895	9483	33495	279	223950	1978	796	6	23	0.198	158	1.4			784
2022-03-17	1147435	9772	23540	289	214739	1986	812	6	16	0.205	152	1.41			785
2022-03-18	1171570	10037	24135	265	208268	1957	829	7	17	0.188	147	1.39			786
2022-03-19	1193563	10288	21993	251	200994	1923	845	7	15	0.178	142	1.36			787
2022-03-20	1210422	10534	16859	246	181985	1905	857	7	11	0.174	128	1.35			788
2022-03-21	1228883	10757	18461	223	171310	1842	870	7	13	0.158	121	1.3			789
2022-03-22	1249958	11002	21075	245	159558	1798	885	7	14	0.174	113	1.27			790
2022-03-23	1266606	11207	16648	205	142711	1724	897	7	11	0.145	101	1.22			791
2022-03-24	1283788	11408	17182	201	136353	1636	909	8	12	0.142	96	1.16			792
2022-03-25	1299036	11600	15248	192	127466	1563	920	8	10	0.136	90	1.11			793
2022-03-26	1313471	11739	14435	139	119908	1451	930	8	10	0.098	84	1.03			794
2022-03-27	1327092	11890	13621	151	116670	1356	940	8	9	0.107	82	0.96			795
2022-03-28	1340972	12058	13880	168	112089	1301	949	8	9	0.119	79	0.92			796
2022-03-29	1355883	12209	14911	151	105925	1207	960	8	10	0.107	75	0.85			797
2022-03-30	1371807	12344	15924	135	105201	1137	971	8	11	0.096	74	0.81			798
2022-03-31	1385495	12463	13688	119	101707	1055	981	8	9	0.084	72	0.75			799
2022-04-01	1400358	12583	14863	120	101322	983	991	8	10	0.085	71	0.7			800
2022-04-02	1414142	12699	13784	116	100671	960	1001	8	9	0.082	71	0.68			801
2022-04-03	1430893	12810	16751	111	103801	920	1013	9	11	0.079	73	0.65			802
2022-04-04	1446956	12900	16063	90	105984	842	1024	9	11	0.064	75	0.6			803
2022-04-05	1466859	12987	19903	87	110976	778	1039	9	14	0.062	78	0.55			804
2022-04-06	1490014	13098	23155	111	118207	754	1055	9	16	0.079	83	0.53			805
2022-04-07	1515913	13195	25899	97	130418	732	1073	9	18	0.069	92	0.52			806
2022-04-08	1541981	13281	26068	86	141623	698	1092	9	18	0.061	100	0.49			807
2022-04-09	1569185	13343	27204	62	155043	644	1111	9	19	0.044	109	0.46			808
2022-04-10	1597094	13408	27909	65	166201	598	1131	9	19	0.046	117	0.42			809
2022-04-11	1626085	13465	28991	57	179129	565	1151	9	20	0.04	126	0.4			810
2022-04-12	1652078	13524	25993	59	185219	537	1170	9	18	0.042	131	0.38			811
2022-04-13	1682737	13586	30659	62	192723	488	1191	9	21	0.044	136	0.35			812
2022-04-14	1713300	13640	30563	54	197387	445	1213	9	21	0.038	139	0.32			813
2022-04-15	1738527	13707	25227	67	196546	426	1231	9	17	0.047	139	0.3			814
2022-04-16	1762757	13748	24230	41	193572	405	1248	9	17	0.029	137	0.29			815
2022-04-17	1787635	13777	24878	29	190541	369	1266	9	17	0.021	134	0.26			816
2022-04-18	1811382	13807	23747	30	185297	342	1283	9	16	0.021	131	0.24			817
2022-04-19	1832597	13833	21215	26	180519	309	1298	9	15	0.018	127	0.22			818
2022-04-20	1849430	13841	16833	8	166693	255	1310	9	11	0.006	118	0.18			819
2022-04-21	1869000	13875	19570	34	155700	235	1323	9	13	0.024	110	0.17			820
2022-04-22	1888027	13901	19027	26	149500	194	1337	9	13	0.018	105	0.14			821
2022-04-23	1911669	13922	23642	21	148912	174	1354	9	16	0.015	105	0.12			822
2022-04-24	1933414	13974	21745	52	145779	197	1369	9	15	0.037	103	0.14			823
2022-04-25	1953258	14043	19844	69	141876	236	1383	9	14	0.049	100	0.17			824
2022-04-26	1970377	14102	17119	59	137780	269	1395	9	12	0.042	97	0.19			825
2022-04-27	1983788	14158	13411	56	134358	317	1405	10	9	0.04	95	0.22			826
2022-04-28	1994593	14210	10805	52	125593	335	1412	10	7	0.037	88	0.24			827
2022-04-29	2005524	14273	10931	63	117497	372	1420	10	7	0.045	83	0.26			828
2022-04-30	2015624	14368	10100	95	103955	446	1427	10	7	0.067	73	0.32			829
2022-05-01	2024284	14405	8660	37	90870	431	1433	10	6	0.026	64	0.31			830
2022-05-02	2031342	14430	7058	25	78084	387	1438	10	4	0.018	55	0.27			831
2022-05-03	2037518	14453	6176	23	67141	351	1443	10	4	0.016	47	0.25			832
2022-05-04	2043178	14469	5660	16	59390	311	1447	10	4	0.011	42	0.22			833
2022-05-05	2048423	14486	5245	17	53830	276	1450	10	3	0.012	38	0.2			834
2022-05-06	2053250	14510	4827	24	47726	237	1454	10	3	0.017	33	0.17			835
2022-05-07	2057995	14518	4745	8	42371	150	1457	10	3	0.006	30	0.11			836
2022-05-08	2062668	14531	4673	13	38384	126	1461	10	3	0.009	27	0.09			837
2022-05-09	2066938	14538	4270	7	35596	108	1464	10	3	0.005	25	0.08			838
2022-05-10	2070480	14550	3542	12	32962	97	1466	10	2	0.008	23	0.07			839
2022-05-11	2072376	14558	1896	8	29198	89	1467	10	1	0.006	20	0.06			840
2022-05-12	2074583	14561	2207	3	26160	75	1469	10	1	0.002	18	0.05			841
2022-05-13	2077182	14565	2599	4	23932	55	1471	10	1	0.003	16	0.04			842
2022-05-14	2079353	14569	2171	4	21358	51	1472	10	1	0.003	15	0.04			843
2022-05-15	2081192	14574	1839	5	18524	43	1474	10	1	0.004	13	0.03			844
2022-05-16	2082624	14575	1432	1	15686	37	1475	10	1	0.001	11	0.03			845
2022-05-17	2084058	14578	1434	3	13578	28	1476	10	1	0.002	9	0.02			846
2022-05-18	2085584	14583	1526	5	13208	25	1477	10	1	0.004	9	0.02			847
2022-05-19	2086877	14584	1293	1	12294	23	1478	10	0	0.001	8	0.02			848
2022-05-20	2088229	14589	1352	5	11047	24	1479	10	0	0.004	7	0.02			849
2022-05-21	2089569	14592	1340	3	10216	23	1480	10	0	0.002	7	0.02			850
2022-05-22	2090677	14593	1108	1	9485	19	1480	10	0	0.001	6	0.01			851
2022-05-23	2091649	14594	972	1	9025	19	1481	10	0	0.001	6	0.01			852
2022-05-24	2092491	14594	842	0	8433	16	1482	10	0	0.0	5	0.01			853
2022-05-25	2093305	14597	814	3	7721	14	1482	10	0	0.002	5	0.01			854
2022-05-26	2094030	14600	725	3	7153	16	1483	10	0	0.002	5	0.01			855
2022-05-27	2094679	14601	649	1	6450	12	1483	10	0	0.001	4	0.01			856
2022-05-28	2095275	14602	596	1	5706	10	1484	10	0	0.001	4	0.01			857
2022-05-29	2095730	14602	455	0	5053	9	1484	10	0	0.0	3	0.01			858
2022-05-30	2096200	14604	470	2	4551	10	1484	10	0	0.001	3	0.01			859
2022-05-31	2096684	14604	484	0	4193	10	1485	10	0	0.0	2	0.01			860
2022-06-01	2097282	14605	598	1	3977	8	1485	10	0	0.001	2	0.01			861
2022-06-02	2097925	14606	643	1	3895	6	1486	10	0	0.001	2	0.0			862
2022-06-03	2098595	14608	670	2	3916	7	1486	10	0	0.001	2	0.0			863
2022-06-04	2099041	14608	446	0	3766	6	1486	10	0	0.0	2	0.0			864
2022-06-05	2099865	14612	824	4	4135	10	1487	10	0	0.003	2	0.01			865
2022-06-06	2100607	14612	742	0	4407	8	1487	10	0	0.0	3	0.01			866
2022-06-07	2101049	14615	442	3	4365	11	1488	10	0	0.002	3	0.01			867
2022-06-08	2101560	14615	511	0	4278	10	1488	10	0	0.0	3	0.01			868
2022-06-09	2102379	14616	819	1	4454	10	1489	10	0	0.001	3	0.01			869
2022-06-10	2103227	14616	848	0	4632	8	1489	10	0	0.0	3	0.01			870
2022-06-11	2104341	14616	1114	0	5300	8	1490	10	0	0.0	3	0.01			871
2022-06-12	2105331	14616	990	0	5466	4	1491	10	0	0.0	3	0.0			872
2022-06-13	2106288	14616	957	0	5681	4	1491	10	0	0.0	4	0.0			873
2022-06-14	2107342	14617	1054	1	6293	2	1492	10	0	0.001	4	0.0			874
2022-06-15	2108598	14618	1256	1	7038	3	1493	10	0	0.001	4	0.0			875
2022-06-16	2109935	14618	1337	0	7556	2	1494	10	0	0.0	5	0.0			876
2022-06-17	2111214	14619	1279	1	7987	3	1495	10	0	0.001	5	0.0			877
2022-06-18	2112692	14619	1478	0	8351	3	1496	10	1	0.0	5	0.0			878
2022-06-19	2114127	14621	1435	2	8796	5	1497	10	1	0.001	6	0.0			879
2022-06-20	2115561	14622	1434	1	9273	6	1498	10	1	0.001	6	0.0			880
2022-06-21	2116897	14622	1336	0	9555	5	1499	10	0	0.0	6	0.0			881
2022-06-22	2118491	14623	1594	1	9893	5	1500	10	1	0.001	7	0.0			882
2022-06-23	2120269	14624	1778	1	10334	6	1501	10	1	0.001	7	0.0			883
2022-06-24	2122283	14624	2014	0	11069	5	1503	10	1	0.0	7	0.0			884
2022-06-25	2124209	14624	1926	0	11517	5	1504	10	1	0.0	8	0.0			885
2022-06-26	2126233	14624	2024	0	12106	3	1506	10	1	0.0	8	0.0			886
2022-06-27	2128225	14624	1992	0	12664	2	1507	10	1	0.0	8	0.0			887
2022-06-28	2130033	14625	1808	1	13136	3	1508	10	1	0.001	9	0.0			888
2022-06-29	2132190	14625	2157	0	13699	2	1510	10	1	0.0	9	0.0			889
2022-06-30	2134718	14627	2528	2	14449	3	1512	10	1	0.001	10	0.0			890
2022-07-01	2137169	14628	2451	1	14886	4	1513	10	1	0.001	10	0.0			891
2022-07-02	2139919	14631	2750	3	15710	7	1515	10	1	0.002	11	0.0			892
2022-07-03	2142216	14633	2297	2	15983	9	1517	10	1	0.001	11	0.01			893
2022-07-04	2144566	14633	2350	0	16341	9	1519	10	1	0.0	11	0.01			894
2022-07-05	2147330	14633	2764	0	17297	8	1521	10	1	0.0	12	0.01			895
2022-07-06	2150503	14634	3173	1	18313	9	1523	10	2	0.001	12	0.01			896
2022-07-07	2153986	14635	3483	1	19268	8	1525	10	2	0.001	13	0.01			897
2022-07-08	2157433	14638	3447	3	20264	10	1528	10	2	0.002	14	0.01			898
2022-07-09	2160884	14638	3451	0	20965	7	1530	10	2	0.0	14	0.0			899
2022-07-10	2164305	14640	3421	2	22089	7	1533	10	2	0.001	15	0.0			900
2022-07-11	2167619	14647	3314	7	23053	14	1535	10	2	0.005	16	0.01			901
2022-07-12	2170811	14649	3192	2	23481	16	1537	10	2	0.001	16	0.01			902
2022-07-13	2174317	14651	3506	2	23814	17	1540	10	2	0.001	16	0.01			903
2022-07-14	2178366	14658	4049	7	24380	23	1542	10	2	0.005	17	0.02			904
2022-07-15	2182488	14663	4122	5	25055	25	1545	10	2	0.004	17	0.02			905
2022-07-16	2186813	14664	4325	1	25929	26	1548	10	3	0.001	18	0.02			906
2022-07-17	2190992	14668	4179	4	26687	28	1551	10	2	0.003	18	0.02			907
2022-07-18	2195056	14671	4064	3	27437	24	1554	10	2	0.002	19	0.02			908
2022-07-19	2198945	14675	3889	4	28134	26	1557	10	2	0.003	19	0.02			909
2022-07-20	2203789	14676	4844	1	29472	25	1561	10	3	0.001	20	0.02			910
2022-07-21	2209013	14680	5224	4	30647	22	1564	10	3	0.003	21	0.02			911
2022-07-22	2214254	14686	5241	6	31766	23	1568	10	3	0.004	22	0.02			912
2022-07-23	2219264	14693	5010	7	32451	29	1571	10	3	0.005	22	0.02			913
2022-07-24	2224482	14701	5218	8	33490	33	1575	10	3	0.006	23	0.02			914
2022-07-25	2229362	14704	4880	3	34306	33	1579	10	3	0.002	24	0.02			915
2022-07-26	2234541	14710	5179	6	35596	35	1582	10	3	0.004	25	0.02			916
2022-07-27	2240160	14720	5619	10	36371	44	1586	10	3	0.007	25	0.03			917
2022-07-28	2245156	14725	4996	5	36143	45	1590	10	3	0.004	25	0.03			918
2022-07-29	2250565	14730	5409	5	36311	44	1594	10	3	0.004	25	0.03			919
2022-07-30	2255689	14734	5124	4	36425	41	1597	10	3	0.003	25	0.03			920
2022-07-31	2260777	14735	5088	1	36295	34	1601	10	3	0.001	25	0.02			921
2022-08-01	2265424	14741	4647	6	36062	37	1604	10	3	0.004	25	0.03			922
2022-08-02	2270011	14752	4587	11	35470	42	1607	10	3	0.008	25	0.03			923
2022-08-03	2274979	14756	4968	4	34819	36	1611	10	3	0.003	24	0.03			924
2022-08-04	2280418	14759	5439	3	35262	34	1615	10	3	0.002	24	0.02			925
2022-08-05	2285355	14763	4937	4	34790	33	1618	10	3	0.003	24	0.02			926
2022-08-06	2290634	14767	5279	4	34945	33	1622	10	3	0.003	24	0.02			927
2022-08-07	2295769	14772	5135	5	34992	37	1626	10	3	0.004	24	0.03			928
2022-08-08	2300466	14779	4697	7	35042	38	1629	10	3	0.005	24	0.03			929
2022-08-09	2304661	14782	4195	3	34650	30	1632	10	2	0.002	24	0.02			930
2022-08-10	2311307	14786	6646	4	36328	30	1637	10	4	0.003	25	0.02			931
2022-08-11	2316346	14787	5039	1	35928	28	1640	10	3	0.001	25	0.02			932
2022-08-12	2322331	14791	5985	4	36976	28	1644	10	4	0.003	26	0.02			933
2022-08-13	2330459	14794	8128	3	39825	27	1650	10	5	0.002	28	0.02			934
2022-08-14	2339195	14797	8736	3	43426	25	1656	10	6	0.002	30	0.02			935
2022-08-15	2345333	14801	6138	4	44867	22	1661	10	4	0.003	31	0.02			936
2022-08-16	2354676	14812	9343	11	50015	30	1667	10	6	0.008	35	0.02			937
2022-08-17	2363469	14816	8793	4	52162	30	1674	10	6	0.003	36	0.02			938
2022-08-18	2372972	14821	9503	5	56626	34	1680	10	6	0.004	40	0.02			939
2022-08-19	2382169	14829	9197	8	59838	38	1687	10	6	0.006	42	0.03			940
2022-08-20	2390686	14834	8517	5	60227	40	1693	10	6	0.004	42	0.03			941
2022-08-21	2397571	14837	6885	3	58376	40	1698	10	4	0.002	41	0.03			942
2022-08-22	2407635	14842	10064	5	62302	41	1705	10	7	0.004	44	0.03			943
2022-08-23	2416140	14852	8505	10	61464	40	1711	10	6	0.007	43	0.03			944
2022-08-24	2425558	14866	9418	14	62089	50	1718	10	6	0.01	43	0.04			945
2022-08-25	2435598	14875	10040	9	62626	54	1725	10	7	0.006	44	0.04			946
2022-08-26	2443816	14882	8218	7	61647	53	1731	10	5	0.005	43	0.04			947
2022-08-27	2452580	14886	8764	4	61894	52	1737	10	6	0.003	43	0.04			948
2022-08-28	2466054	14896	13474	10	68483	59	1746	10	9	0.007	48	0.04			949
2022-08-29	2476316	14900	10262	4	68681	58	1754	10	7	0.003	48	0.04			950
2022-08-30	2486863	14913	10547	13	70723	61	1761	10	7	0.009	50	0.04			951
2022-08-31	2498088	14922	11225	9	72530	56	1769	10	7	0.006	51	0.04			952
2022-09-01	2510703	14933	12615	11	75105	58	1778	10	8	0.008	53	0.04			953
2022-09-02	2522721	14941	12018	8	78905	59	1786	10	8	0.006	55	0.04			954
2022-09-03	2533531	14948	10810	7	80951	62	1794	10	7	0.005	57	0.04			955
2022-09-04	2547297	14956	13766	8	81243	60	1804	10	9	0.006	57	0.04			956
2022-09-05	2558905	14964	11608	8	82589	64	1812	10	8	0.006	58	0.05			957
