Date	Anzahl	Dose1	Dose2	Dose3	Dose4	Anzahl_roll_av	Dose1_roll_av	Dose2_roll_av	Dose3_roll_av	Dose4_roll_av
2020-12-27	24421	24421	0.0	0.0	0.0	24421.0	24421.0	0.0	0.0	0.0
2020-12-28	18007	18007	0.0	0.0	0.0	21214.0	21214.0	0.0	0.0	0.0
2020-12-29	50055	50055	0.0	0.0	0.0	30827.7	30827.7	0.0	0.0	0.0
2020-12-30	64066	64066	0.0	0.0	0.0	39137.2	39137.2	0.0	0.0	0.0
2020-12-31	49939	49939	0.0	0.0	0.0	41297.6	41297.6	0.0	0.0	0.0
2021-01-01	25672	25672	0.0	0.0	0.0	38693.3	38693.3	0.0	0.0	0.0
2021-01-02	47804	47804	0.0	0.0	0.0	39994.9	39994.9	0.0	0.0	0.0
2021-01-03	22573	22573	0.0	0.0	0.0	39730.9	39730.9	0.0	0.0	0.0
2021-01-04	46333	46333	0.0	0.0	0.0	43777.4	43777.4	0.0	0.0	0.0
2021-01-05	52478	52478	0.0	0.0	0.0	44123.6	44123.6	0.0	0.0	0.0
2021-01-06	63085	63085	0.0	0.0	0.0	43983.4	43983.4	0.0	0.0	0.0
2021-01-07	54908	54908	0.0	0.0	0.0	44693.3	44693.3	0.0	0.0	0.0
2021-01-08	62875	62875	0.0	0.0	0.0	50008.0	50008.0	0.0	0.0	0.0
2021-01-09	60600	60600	0.0	0.0	0.0	51836.0	51836.0	0.0	0.0	0.0
2021-01-10	35846	35846	0.0	0.0	0.0	53732.1	53732.1	0.0	0.0	0.0
2021-01-11	68778	68778	0.0	0.0	0.0	56938.6	56938.6	0.0	0.0	0.0
2021-01-12	79321	79321	0.0	0.0	0.0	60773.3	60773.3	0.0	0.0	0.0
2021-01-13	112435	112435	0.0	0.0	0.0	67823.3	67823.3	0.0	0.0	0.0
2021-01-14	84125	84125	0.0	0.0	0.0	71997.1	71997.1	0.0	0.0	0.0
2021-01-15	91865	90882	983.0	0.0	0.0	76138.6	75998.1	140.4	0.0	0.0
2021-01-16	58100	56856	1244.0	0.0	0.0	75781.4	75463.3	318.1	0.0	0.0
2021-01-17	47834	30757	17077.0	0.0	0.0	77494.0	74736.3	2757.7	0.0	0.0
2021-01-18	83314	67554	15760.0	0.0	0.0	79570.6	74561.4	5009.1	0.0	0.0
2021-01-19	119878	83805	36073.0	0.0	0.0	85364.4	75202.0	10162.4	0.0	0.0
2021-01-20	132951	79003	53948.0	0.0	0.0	88295.3	70426.0	17869.3	0.0	0.0
2021-01-21	105641	64534	41107.0	0.0	0.0	91369.0	67627.3	23741.7	0.0	0.0
2021-01-22	102407	68780	33627.0	0.0	0.0	92875.0	64469.9	28405.1	0.0	0.0
2021-01-23	87092	40772	46320.0	0.0	0.0	97016.7	62172.1	34844.6	0.0	0.0
2021-01-24	47836	25706	22130.0	0.0	0.0	97017.0	61450.6	35566.4	0.0	0.0
2021-01-25	91049	52344	38705.0	0.0	0.0	98122.0	59277.7	38844.3	0.0	0.0
2021-01-26	98706	51358	47348.0	0.0	0.0	95097.4	54642.4	40455.0	0.0	0.0
2021-01-27	109639	51184	58455.0	0.0	0.0	91767.1	50668.3	41098.9	0.0	0.0
2021-01-28	92744	46999	45745.0	0.0	0.0	89924.7	48163.3	41761.4	0.0	0.0
2021-01-29	107828	49885	57943.0	0.0	0.0	90699.1	45464.0	45235.1	0.0	0.0
2021-01-30	88164	34670	53494.0	0.0	0.0	90852.3	44592.3	46260.0	0.0	0.0
2021-01-31	57243	25808	31435.0	0.0	0.0	92196.1	44606.9	47589.3	0.0	0.0
2021-02-01	120501	58397	62104.0	0.0	0.0	96403.6	45471.6	50932.0	0.0	0.0
2021-02-02	132887	65524	67363.0	0.0	0.0	101286.6	47495.3	53791.3	0.0	0.0
2021-02-03	163120	64630	98490.0	0.0	0.0	108926.7	49416.1	59510.6	0.0	0.0
2021-02-04	134661	62149	72512.0	0.0	0.0	114914.9	51580.4	63334.4	0.0	0.0
2021-02-05	147587	69419	78168.0	0.0	0.0	120594.7	54371.0	66223.7	0.0	0.0
2021-02-06	94199	45606	48593.0	0.0	0.0	121456.9	55933.3	65523.6	0.0	0.0
2021-02-07	53580	28305	25275.0	0.0	0.0	120933.6	56290.0	64643.6	0.0	0.0
2021-02-08	109515	53022	56493.0	0.0	0.0	119364.1	55522.1	63842.0	0.0	0.0
2021-02-09	134756	60247	74509.0	0.0	0.0	119631.1	54768.3	64862.9	0.0	0.0
2021-02-10	155552	77792	77760.0	0.0	0.0	118550.0	56648.6	61901.4	0.0	0.0
2021-02-11	144753	75688	69065.0	0.0	0.0	119991.7	58582.7	61409.0	0.0	0.0
2021-02-12	156306	80300	76006.0	0.0	0.0	121237.3	60137.1	61100.1	0.0	0.0
2021-02-13	107886	62056	45830.0	0.0	0.0	123192.6	62487.1	60705.4	0.0	0.0
2021-02-14	65475	39637	25838.0	0.0	0.0	124891.9	64106.0	60785.9	0.0	0.0
2021-02-15	125951	70172	55779.0	0.0	0.0	127239.9	66556.0	60683.9	0.0	0.0
2021-02-16	134978	78284	56694.0	0.0	0.0	127271.6	69132.7	58138.9	0.0	0.0
2021-02-17	151954	95445	56509.0	0.0	0.0	126757.6	71654.6	55103.0	0.0	0.0
2021-02-18	145255	91854	53401.0	0.0	0.0	126829.3	73964.0	52865.3	0.0	0.0
2021-02-19	158974	103155	55819.0	0.0	0.0	127210.4	77229.0	49981.4	0.0	0.0
2021-02-20	112555	76194	36361.0	0.0	0.0	127877.4	79248.7	48628.7	0.0	0.0
2021-02-21	86048	57726	28322.0	0.0	0.0	130816.4	81832.9	48983.6	0.0	0.0
2021-02-22	156695	98324	58371.0	0.0	0.0	135208.4	85854.6	49353.9	0.0	0.0
2021-02-23	170648	110042	60606.0	0.0	0.0	140304.1	90391.4	49912.7	0.0	0.0
2021-02-24	177196	117682	59514.0	0.0	0.0	143910.1	93568.1	50342.0	0.0	0.0
2021-02-25	190441	130964	59477.0	0.0	0.0	150365.3	99155.3	51210.0	0.0	0.0
2021-02-26	214288	146576	67712.0	0.0	0.0	158267.3	105358.3	52909.0	0.0	0.0
2021-02-27	148350	108491	39859.0	0.0	0.0	163380.9	109972.1	53408.7	0.0	0.0
2021-02-28	103607	79403	24204.0	0.0	0.0	165889.3	113068.9	52820.4	0.0	0.0
2021-03-01	199401	149440	49961.0	0.0	0.0	171990.1	120371.1	51619.0	0.0	0.0
2021-03-02	220207	167951	52256.0	0.0	0.0	179070.0	128643.9	50426.1	0.0	0.0
2021-03-03	248651	177779	70872.0	0.0	0.0	189277.9	137229.1	52048.7	0.0	0.0
2021-03-04	245763	182568	63195.0	0.0	0.0	197181.0	144601.1	52579.9	0.0	0.0
2021-03-05	276024	208518	67506.0	0.0	0.0	206000.4	153450.0	52550.4	0.0	0.0
2021-03-06	202983	154233	48750.0	0.0	0.0	213805.1	159984.6	53820.6	0.0	0.0
2021-03-07	147917	114370	33547.0	0.0	0.0	220135.1	164979.9	55155.3	0.0	0.0
2021-03-08	238628	186680	51948.0	0.0	0.0	225739.0	170299.9	55439.1	0.0	0.0
2021-03-09	253246	198245	55001.0	0.0	0.0	230458.9	174627.6	55831.3	0.0	0.0
2021-03-10	289584	222086	67498.0	0.0	0.0	236306.4	180957.1	55349.3	0.0	0.0
2021-03-11	284903	223917	60986.0	0.0	0.0	241897.9	186864.1	55033.7	0.0	0.0
2021-03-12	328661	257503	71158.0	0.0	0.0	249417.4	193862.0	55555.4	0.0	0.0
2021-03-13	241638	191238	50400.0	0.0	0.0	254939.6	199148.4	55791.1	0.0	0.0
2021-03-14	170471	134770	35701.0	0.0	0.0	258161.6	202062.7	56098.9	0.0	0.0
2021-03-15	249606	190278	59328.0	0.0	0.0	259729.9	202576.7	57153.1	0.0	0.0
2021-03-16	179612	111212	68400.0	0.0	0.0	249210.7	190143.4	59067.3	0.0	0.0
2021-03-17	206079	124876	81203.0	0.0	0.0	237281.4	176256.3	61025.1	0.0	0.0
2021-03-18	194333	118461	75872.0	0.0	0.0	224342.9	161191.1	63151.7	0.0	0.0
2021-03-19	246275	161587	84688.0	0.0	0.0	212573.4	147488.9	65084.6	0.0	0.0
2021-03-20	221369	167961	53408.0	0.0	0.0	209677.9	144163.6	65514.3	0.0	0.0
2021-03-21	164949	126618	38331.0	0.0	0.0	208889.0	142999.0	65890.0	0.0	0.0
2021-03-22	270004	193262	76742.0	0.0	0.0	211803.0	143425.3	68377.7	0.0	0.0
2021-03-23	299277	214866	84411.0	0.0	0.0	228898.0	158233.0	70665.0	0.0	0.0
2021-03-24	339608	250040	89568.0	0.0	0.0	247973.6	176113.6	71860.0	0.0	0.0
2021-03-25	332881	251551	81330.0	0.0	0.0	267766.1	195126.4	72639.7	0.0	0.0
2021-03-26	374725	285692	89033.0	0.0	0.0	286116.1	212855.7	73260.4	0.0	0.0
2021-03-27	282504	219941	62563.0	0.0	0.0	294849.7	220281.4	74568.3	0.0	0.0
2021-03-28	196760	143419	53341.0	0.0	0.0	299394.1	222681.6	76712.6	0.0	0.0
2021-03-29	305656	216687	88969.0	0.0	0.0	304487.3	226028.0	78459.3	0.0	0.0
2021-03-30	326219	233754	92465.0	0.0	0.0	308336.1	228726.3	79609.9	0.0	0.0
2021-03-31	334251	232630	101621.0	0.0	0.0	307570.9	226239.1	81331.7	0.0	0.0
2021-04-01	332389	241487	90902.0	0.0	0.0	307500.6	224801.4	82699.1	0.0	0.0
2021-04-02	226447	158462	67985.0	0.0	0.0	286318.0	206625.7	79692.3	0.0	0.0
2021-04-03	232485	167799	64686.0	0.0	0.0	279172.4	199176.9	79995.6	0.0	0.0
2021-04-04	193508	142940	50568.0	0.0	0.0	278707.9	199108.4	79599.4	0.0	0.0
2021-04-05	248522	178085	70437.0	0.0	0.0	270545.9	193593.9	76952.0	0.0	0.0
2021-04-06	392390	297745	94645.0	0.0	0.0	279998.9	202735.4	77263.4	0.0	0.0
2021-04-07	725672	629328	96344.0	0.0	0.0	335916.1	259406.6	76509.6	0.0	0.0
2021-04-08	718247	631215	87032.0	0.0	0.0	391038.7	315082.0	75956.7	0.0	0.0
2021-04-09	621482	532505	88977.0	0.0	0.0	447472.3	368516.7	78955.6	0.0	0.0
2021-04-10	369287	303998	65289.0	0.0	0.0	467015.4	387973.7	79041.7	0.0	0.0
2021-04-11	260988	210550	50438.0	0.0	0.0	476655.4	397632.3	79023.1	0.0	0.0
2021-04-12	411989	335193	76796.0	0.0	0.0	500007.9	420076.3	79931.6	0.0	0.0
2021-04-13	603670	529704	73966.0	0.0	0.0	530190.7	453213.3	76977.4	0.0	0.0
2021-04-14	808091	724219	83872.0	0.0	0.0	541964.9	466769.1	75195.7	0.0	0.0
2021-04-15	682214	611508	70706.0	0.0	0.0	536817.3	463953.9	72863.4	0.0	0.0
2021-04-16	582476	507873	74603.0	0.0	0.0	531245.0	460435.0	70810.0	0.0	0.0
2021-04-17	358980	302316	56664.0	0.0	0.0	529772.6	460194.7	69577.9	0.0	0.0
2021-04-18	266985	227883	39102.0	0.0	0.0	530629.3	462670.9	67958.4	0.0	0.0
2021-04-19	398199	336163	62036.0	0.0	0.0	528659.3	462809.4	65849.9	0.0	0.0
2021-04-20	588996	525394	63602.0	0.0	0.0	526563.0	462193.7	64369.3	0.0	0.0
2021-04-21	749112	674895	74217.0	0.0	0.0	518137.4	455147.4	62990.0	0.0	0.0
2021-04-22	639262	571205	68057.0	0.0	0.0	512001.4	449389.9	62611.6	0.0	0.0
2021-04-23	541351	471595	69756.0	0.0	0.0	506126.4	444207.3	61919.1	0.0	0.0
2021-04-24	362341	303104	59237.0	0.0	0.0	506606.6	444319.9	62286.7	0.0	0.0
2021-04-25	279995	230667	49328.0	0.0	0.0	508465.1	444717.6	63747.6	0.0	0.0
2021-04-26	436262	361531	74731.0	0.0	0.0	513902.7	448341.6	65561.1	0.0	0.0
2021-04-27	859046	764427	94619.0	0.0	0.0	552481.3	482489.1	69992.1	0.0	0.0
2021-04-28	1162248	1029309	132939.0	0.0	0.0	611500.7	533119.7	78381.0	0.0	0.0
2021-04-29	945993	808899	137094.0	0.0	0.0	655319.4	567076.0	88243.4	0.0	0.0
2021-04-30	766330	628975	137355.0	0.0	0.0	687459.3	589558.9	97900.4	0.0	0.0
2021-05-01	323641	250458	73183.0	0.0	0.0	681930.7	582038.0	99892.7	0.0	0.0
2021-05-02	258678	193527	65151.0	0.0	0.0	678885.4	576732.3	102153.1	0.0	0.0
2021-05-03	454264	338078	116186.0	0.0	0.0	681457.1	573381.9	108075.3	0.0	0.0
2021-05-04	897754	734080	163674.0	0.0	0.0	686986.9	569046.6	117940.3	0.0	0.0
2021-05-05	1210527	972171	238356.0	0.0	0.0	693883.9	560884.0	132999.9	0.0	0.0
2021-05-06	1001230	777725	223505.0	0.0	0.0	701774.9	556430.6	145344.3	0.0	0.0
2021-05-07	857593	624063	233530.0	0.0	0.0	714812.4	555728.9	159083.6	0.0	0.0
2021-05-08	412827	261062	151765.0	0.0	0.0	727553.3	557243.7	170309.6	0.0	0.0
2021-05-09	280554	179393	101161.0	0.0	0.0	730678.4	555224.6	175453.9	0.0	0.0
2021-05-10	603609	411446	192163.0	0.0	0.0	752013.4	565705.7	186307.7	0.0	0.0
2021-05-11	1166899	867824	299075.0	0.0	0.0	790462.7	584812.0	205650.7	0.0	0.0
2021-05-12	1469189	1095835	373353.0	1.0	0.0	827414.4	602478.3	224936.0	0.1	0.0
2021-05-13	413985	259230	154755.0	0.0	0.0	743522.3	528407.6	215114.6	0.1	0.0
2021-05-14	741054	518556	222498.0	0.0	0.0	726873.9	513335.1	213538.6	0.1	0.0
2021-05-15	393602	234136	159466.0	0.0	0.0	724127.4	509488.6	214638.7	0.1	0.0
2021-05-16	273875	158455	115420.0	0.0	0.0	723173.3	506497.4	216675.7	0.1	0.0
2021-05-17	551653	352690	198963.0	0.0	0.0	715751.0	498103.7	217647.1	0.1	0.0
2021-05-18	931842	558653	373189.0	0.0	0.0	682171.4	453936.4	228234.9	0.1	0.0
2021-05-19	1189768	621807	567961.0	0.0	0.0	642254.1	386218.1	256036.0	0.0	0.0
2021-05-20	984672	483277	501395.0	0.0	0.0	723780.9	418224.9	305556.0	0.0	0.0
2021-05-21	843111	418922	424189.0	0.0	0.0	738360.4	403991.4	334369.0	0.0	0.0
2021-05-22	396734	185759	210975.0	0.0	0.0	738807.9	397080.4	341727.4	0.0	0.0
2021-05-23	271871	122712	149159.0	0.0	0.0	738521.6	391974.3	346547.3	0.0	0.0
2021-05-24	315845	141852	173993.0	0.0	0.0	704834.7	361854.6	342980.1	0.0	0.0
2021-05-25	685956	311733	374223.0	0.0	0.0	669708.1	326580.3	343127.9	0.0	0.0
2021-05-26	1276200	595227	680973.0	0.0	0.0	682055.6	322783.1	359272.4	0.0	0.0
2021-05-27	1056421	496637	559784.0	0.0	0.0	692305.4	324691.7	367613.7	0.0	0.0
2021-05-28	887845	438880	448965.0	0.0	0.0	698696.0	327542.9	371153.1	0.0	0.0
2021-05-29	405929	181770	224159.0	0.0	0.0	700009.6	326973.0	373036.6	0.0	0.0
2021-05-30	273290	102476	170814.0	0.0	0.0	700212.3	324082.1	376130.1	0.0	0.0
2021-05-31	581156	249332	331824.0	0.0	0.0	738113.9	339436.4	398677.4	0.0	0.0
2021-06-01	1027848	500291	527307.0	250.0	0.0	786955.6	366373.3	420546.6	35.7	0.0
2021-06-02	1317719	665860	651676.0	183.0	0.0	792886.9	376463.7	416361.3	61.9	0.0
2021-06-03	641445	285684	355592.0	169.0	0.0	733604.6	346327.6	387191.0	86.0	0.0
2021-06-04	799992	363645	435921.0	426.0	0.0	721054.1	335579.7	385327.6	146.9	0.0
2021-06-05	412237	130335	281736.0	166.0	0.0	721955.3	328231.9	393552.9	170.6	0.0
2021-06-06	272589	63268	209201.0	120.0	0.0	721855.1	322630.7	399036.7	187.7	0.0
2021-06-07	610308	244965	365226.0	117.0	0.0	726019.7	322006.9	403808.4	204.4	0.0
2021-06-08	1147598	442122	705317.0	159.0	0.0	743126.9	313697.0	429238.4	191.4	0.0
2021-06-09	1508487	577748	930497.0	242.0	0.0	770379.4	301109.6	469070.0	199.9	0.0
2021-06-10	1219259	512197	706779.0	283.0	0.0	852924.3	333468.6	519239.6	216.1	0.0
2021-06-11	1036616	460081	576142.0	393.0	0.0	886727.7	347245.1	539271.1	211.4	0.0
2021-06-12	433575	166905	266468.0	202.0	0.0	889776.0	352469.4	537090.0	216.6	0.0
2021-06-13	261805	67555	194025.0	225.0	0.0	888235.4	353081.9	534922.0	231.6	0.0
2021-06-14	641601	263844	377372.0	385.0	0.0	892705.9	355778.9	536657.1	269.9	0.0
2021-06-15	1144003	445156	698576.0	271.0	0.0	892192.3	356212.3	535694.1	285.9	0.0
2021-06-16	1441431	566703	874551.0	177.0	0.0	882612.9	354634.4	527701.9	276.6	0.0
2021-06-17	1159115	480488	677849.0	778.0	0.0	874020.9	350104.6	523569.0	347.3	0.0
2021-06-18	964964	410651	554123.0	190.0	0.0	863784.9	343043.1	520423.4	318.3	0.0
2021-06-19	425011	147923	276953.0	135.0	0.0	862561.4	340331.4	521921.3	308.7	0.0
2021-06-20	278516	72958	205474.0	84.0	0.0	864948.7	341103.3	523556.9	288.6	0.0
2021-06-21	621942	238343	383470.0	129.0	0.0	862140.3	337460.3	524428.0	252.0	0.0
2021-06-22	1161828	437513	724176.0	139.0	0.0	864686.7	336368.4	528085.1	233.1	0.0
2021-06-23	1425148	562415	862608.0	125.0	0.0	862360.6	335755.9	526379.0	225.7	0.0
2021-06-24	1036852	549386	487353.0	113.0	0.0	844894.4	345598.4	499165.3	130.7	0.0
2021-06-25	898139	415077	482939.0	123.0	0.0	835348.0	346230.7	488996.1	121.1	0.0
2021-06-26	410395	154692	255582.0	121.0	0.0	833260.0	347197.7	485943.1	119.1	0.0
2021-06-27	278665	88335	190261.0	69.0	0.0	833281.3	349394.4	483769.9	117.0	0.0
2021-06-28	618090	260303	357687.0	100.0	0.0	832731.0	352531.6	480086.6	112.9	0.0
2021-06-29	1004510	443395	561014.0	101.0	0.0	810257.0	353371.9	456777.7	107.4	0.0
2021-06-30	1128332	521490	606753.0	89.0	0.0	767854.7	347525.4	420227.0	102.3	0.0
2021-07-01	955042	465855	489095.0	92.0	0.0	756167.6	335592.4	420475.9	99.3	0.0
2021-07-02	825920	391092	434700.0	128.0	0.0	745850.6	332166.0	413584.6	100.0	0.0
2021-07-03	379500	165637	213798.0	65.0	0.0	741437.0	333729.6	407615.4	92.0	0.0
2021-07-04	255488	94183	161241.0	64.0	0.0	738126.0	334565.0	403469.7	91.3	0.0
2021-07-05	529482	206632	322745.0	105.0	0.0	725467.7	326897.7	398478.0	92.0	0.0
2021-07-06	844938	309160	535700.0	78.0	0.0	702671.7	307721.3	394861.7	88.7	0.0
2021-07-07	1069176	360922	708085.0	169.0	0.0	694220.9	284783.0	409337.7	100.1	0.0
2021-07-08	872284	290272	581914.0	98.0	0.0	682398.3	259699.7	422597.6	101.0	0.0
2021-07-09	728082	224958	502956.0	168.0	0.0	668421.4	235966.3	432348.4	106.7	0.0
2021-07-10	337383	105317	231984.0	82.0	0.0	662404.7	227349.1	434946.4	109.1	0.0
2021-07-11	219165	67480	151589.0	96.0	0.0	657215.7	223534.4	433567.6	113.7	0.0
2021-07-12	466027	161816	304109.0	102.0	0.0	648150.7	217132.1	430905.3	113.3	0.0
2021-07-13	827534	209987	617459.0	88.0	0.0	645664.4	202964.6	442585.1	114.7	0.0
2021-07-14	1058920	240608	818097.0	215.0	0.0	644199.3	185776.9	458301.1	121.3	0.0
2021-07-15	784826	201079	583535.0	212.0	0.0	631705.3	173035.0	458532.7	137.6	0.0
2021-07-16	641791	170913	470756.0	122.0	0.0	619378.0	165314.3	453932.7	131.0	0.0
2021-07-17	279461	89693	186388.0	3380.0	0.0	611103.4	163082.3	447419.0	602.1	0.0
2021-07-18	179005	68494	110467.0	44.0	0.0	605366.3	163227.1	441544.4	594.7	0.0
2021-07-19	369318	103176	266050.0	92.0	0.0	591550.7	154850.0	436107.4	593.3	0.0
2021-07-20	659303	149632	509550.0	121.0	0.0	567517.7	146227.9	420691.9	598.0	0.0
2021-07-21	812150	179421	632623.0	106.0	0.0	532264.9	137486.9	394195.6	582.4	0.0
2021-07-22	657487	144368	513014.0	105.0	0.0	514073.6	129385.3	384121.1	567.1	0.0
2021-07-23	538216	123271	414804.0	141.0	0.0	499277.1	122579.3	376128.0	569.9	0.0
2021-07-24	209740	63249	146174.0	317.0	0.0	489317.0	118801.6	370383.1	132.3	0.0
2021-07-25	111698	36786	74869.0	43.0	0.0	479701.7	114271.9	365297.7	132.1	0.0
2021-07-26	333120	82003	251029.0	88.0	0.0	474530.6	111247.1	363151.9	131.6	0.0
2021-07-27	599785	118231	481408.0	146.0	0.0	466028.0	106761.3	359131.6	135.1	0.0
2021-07-28	742142	143909	597966.0	267.0	0.0	456026.9	101688.1	354180.6	158.1	0.0
2021-07-29	591628	122639	468737.0	252.0	0.0	446618.4	98584.0	347855.3	179.1	0.0
2021-07-30	474464	107399	366728.0	337.0	0.0	437511.0	96316.6	340987.3	207.1	0.0
2021-07-31	190775	59510	131040.0	225.0	0.0	434801.7	95782.4	338825.3	194.0	0.0
2021-08-01	105090	34798	70096.0	196.0	0.0	433857.7	95498.4	338143.4	215.9	0.0
2021-08-02	290412	70487	219697.0	228.0	0.0	427756.6	93853.3	333667.4	235.9	0.0
2021-08-03	500759	96676	403680.0	403.0	0.0	413610.0	90774.0	322563.4	272.6	0.0
2021-08-04	614827	119855	494572.0	400.0	0.0	395422.1	87337.7	307792.9	291.6	0.0
2021-08-05	533869	104831	428672.0	366.0	0.0	387170.9	84793.7	302069.3	307.9	0.0
2021-08-06	427892	95120	332367.0	405.0	0.0	380517.7	83039.6	297160.6	317.6	0.0
2021-08-07	181010	53625	126925.0	460.0	0.0	379122.7	82198.9	296572.7	351.1	0.0
2021-08-08	109120	26669	82283.0	168.0	0.0	379698.4	81037.6	298313.7	347.1	0.0
2021-08-09	292725	62178	230186.0	361.0	0.0	380028.9	79850.6	299812.1	366.1	0.0
2021-08-10	468561	93502	374690.0	369.0	0.0	375429.1	79397.1	295670.7	361.3	0.0
2021-08-11	577915	129114	448159.0	642.0	0.0	370156.0	80719.9	289040.3	395.9	0.0
2021-08-12	487306	126671	360021.0	614.0	0.0	363504.1	83839.9	279233.0	431.3	0.0
2021-08-13	403690	112698	290358.0	634.0	0.0	360046.7	86351.0	273231.7	464.0	0.0
2021-08-14	195267	67885	126732.0	650.0	0.0	362083.4	88388.1	273204.1	491.1	0.0
2021-08-15	111955	37396	74321.0	238.0	0.0	362488.4	89920.6	272066.7	501.1	0.0
2021-08-16	264903	85399	178774.0	730.0	0.0	358513.9	93237.9	264722.1	553.9	0.0
2021-08-17	396781	124475	271542.0	764.0	0.0	348259.6	97662.6	249986.7	610.3	0.0
2021-08-18	456158	148053	307137.0	968.0	0.0	330865.7	100368.1	229840.7	656.9	0.0
2021-08-19	377669	138691	237846.0	1132.0	0.0	315203.3	102085.3	212387.1	730.9	0.0
2021-08-20	309119	123629	184292.0	1198.0	0.0	301693.1	103646.9	197234.9	811.4	0.0
2021-08-21	153898	72739	80495.0	664.0	0.0	295783.3	104340.3	190629.6	813.4	0.0
2021-08-22	90683	39075	51239.0	369.0	0.0	292744.4	104580.1	187332.1	832.1	0.0
2021-08-23	224002	91566	131585.0	851.0	0.0	286901.4	105461.1	180590.9	849.4	0.0
2021-08-24	320472	131893	187263.0	1316.0	0.0	276000.1	106520.9	168551.0	928.3	0.0
2021-08-25	363064	151493	209588.0	1983.0	0.0	262701.0	107012.3	154615.4	1073.3	0.0
2021-08-26	311456	140721	168746.0	1989.0	0.0	253242.0	107302.3	144744.0	1195.7	0.0
2021-08-27	263315	120852	140324.0	2139.0	0.0	246698.6	106905.6	138462.9	1330.1	0.0
2021-08-28	138283	70984	66128.0	1171.0	0.0	244467.9	106654.9	136410.4	1402.6	0.0
2021-08-29	80703	35991	43910.0	802.0	0.0	243042.1	106214.3	135363.4	1464.4	0.0
2021-08-30	187748	85863	100554.0	1331.0	0.0	237863.0	105399.6	130930.4	1533.0	0.0
2021-08-31	273787	127060	144449.0	2278.0	0.0	231193.7	104709.1	124814.1	1670.4	0.0
2021-09-01	326124	136138	166437.0	23539.0	10.0	225916.6	102515.6	118649.7	4749.9	1.4
2021-09-02	277449	123117	135489.0	18831.0	12.0	221058.4	100000.7	113898.7	7155.9	3.1
2021-09-03	223391	97723	109818.0	15844.0	6.0	215355.0	96696.6	109540.7	9113.7	4.0
2021-09-04	106407	47859	53840.0	4703.0	5.0	210801.3	93393.0	107785.3	9618.3	4.7
2021-09-05	59803	26427	30287.0	3087.0	2.0	207815.6	92026.7	105839.1	9944.7	5.0
2021-09-06	153160	64703	72604.0	15838.0	15.0	202874.4	89003.9	101846.3	12017.1	7.1
2021-09-07	246834	102542	118632.0	25653.0	7.0	199024.0	85501.3	98158.1	15356.4	8.1
2021-09-08	284317	113864	138696.0	31751.0	6.0	193051.6	82319.3	94195.1	16529.6	7.6
2021-09-09	269603	111796	129775.0	28025.0	7.0	191930.7	80702.0	93378.9	17843.0	6.9
2021-09-10	218930	85229	111762.0	21933.0	6.0	191293.4	78917.1	93656.6	18712.9	6.9
2021-09-11	108517	43259	59044.0	6211.0	3.0	191594.9	78260.0	94400.0	18928.3	6.6
2021-09-12	61573	22765	34357.0	4448.0	3.0	191847.7	77736.9	94981.4	19122.7	6.7
2021-09-13	160620	61791	78388.0	20435.0	6.0	192913.4	77320.9	95807.7	19779.4	5.4
2021-09-14	265169	104177	123894.0	37089.0	9.0	195532.7	77554.4	96559.4	21413.1	5.7
2021-09-15	311879	113788	148746.0	49327.0	18.0	199470.1	77543.6	97995.1	23924.0	7.4
2021-09-16	290742	114021	136437.0	40267.0	17.0	202490.0	77861.4	98946.9	25672.9	8.9
2021-09-17	236421	88480	117181.0	30736.0	24.0	204988.7	78325.9	99721.0	26930.4	11.4
2021-09-18	111288	41364	62172.0	7747.0	5.0	205384.6	78055.1	100167.9	27149.9	11.7
2021-09-19	62971	21707	36231.0	5027.0	6.0	205584.3	77904.0	100435.6	27232.6	12.1
2021-09-20	158338	52655	80351.0	25315.0	17.0	205258.3	76598.9	100716.0	27929.7	13.7
2021-09-21	263017	89591	125710.0	47704.0	12.0	204950.9	74515.1	100975.4	29446.1	14.1
2021-09-22	300941	96061	143209.0	61635.0	36.0	203388.3	71982.7	100184.4	31204.4	16.7
2021-09-23	284860	99322	135039.0	50466.0	33.0	202548.0	69882.9	99984.7	32661.4	19.0
2021-09-24	222279	73619	113763.0	34869.0	28.0	200527.7	67759.9	99496.4	33251.9	19.6
2021-09-25	99605	32401	57444.0	9739.0	21.0	198858.7	66479.4	98821.0	33536.4	21.9
2021-09-26	53413	16857	31386.0	5163.0	7.0	197493.3	65786.6	98128.9	33555.9	22.0
2021-09-27	148733	47159	73474.0	28067.0	33.0	196121.1	65001.4	97146.4	33949.0	24.3
2021-09-28	251694	81979	117411.0	52285.0	19.0	194503.6	63914.0	95960.9	34603.4	25.3
2021-09-29	268293	82435	125072.0	60751.0	35.0	189839.6	61967.4	93369.9	34477.1	25.1
2021-09-30	233053	75192	113426.0	44401.0	34.0	182438.6	58520.3	90282.3	33610.7	25.3
2021-10-01	127010	43959	57085.0	25962.0	4.0	168828.7	54283.1	82185.4	32338.3	21.9
2021-10-02	29137	12198	13568.0	3369.0	2.0	158761.9	51397.0	75917.4	31428.3	19.1
2021-10-03	8485	3252	3858.0	1374.0	1.0	152343.6	49453.4	71984.9	30887.0	18.3
2021-10-04	96413	31737	43920.0	20674.0	82.0	144869.3	47250.3	67762.9	29830.9	25.3
2021-10-05	220263	64843	101894.0	53523.0	3.0	140379.1	44802.3	65546.1	30007.7	23.0
2021-10-06	233669	65618	104490.0	63509.0	52.0	135432.9	42399.9	62605.9	30401.7	25.4
2021-10-07	237455	71270	110141.0	56038.0	6.0	136061.7	41839.6	62136.6	32064.1	21.4
2021-10-08	158031	48477	69790.0	39761.0	3.0	140493.3	42485.0	63951.6	34035.4	21.3
2021-10-09	37872	15257	17840.0	4721.0	54.0	141741.1	42922.0	64561.9	34228.6	28.7
2021-10-10	11847	5071	5445.0	1331.0	0.0	142221.4	43181.9	64788.6	34222.4	28.6
2021-10-11	98524	30849	42560.0	25095.0	20.0	142523.0	43055.0	64594.3	34854.0	19.7
2021-10-12	214490	58558	93236.0	62690.0	6.0	141698.3	42157.1	63357.4	36163.6	20.1
2021-10-13	231892	61722	97186.0	72957.0	27.0	141444.4	41600.6	62314.0	37513.3	16.6
2021-10-14	230951	63492	100786.0	66651.0	22.0	140515.3	40489.4	60977.6	39029.4	18.9
2021-10-15	151404	43069	65072.0	43257.0	6.0	139568.6	39716.9	60303.6	39528.9	19.3
2021-10-16	39352	15115	18385.0	5846.0	6.0	139780.0	39696.6	60381.4	39689.6	12.4
2021-10-17	11877	4442	5363.0	2070.0	2.0	139784.3	39606.7	60369.7	39795.1	12.7
2021-10-18	99016	28035	40388.0	30582.0	11.0	139854.6	39204.7	60059.4	40579.0	11.4
2021-10-19	212492	53358	88298.0	70830.0	6.0	139569.1	38461.9	59354.0	41741.9	11.4
2021-10-20	229730	54361	89621.0	85733.0	15.0	139260.3	37410.3	58273.3	43567.0	9.7
2021-10-21	224238	55745	89420.0	79070.0	3.0	138301.3	36303.6	56649.6	45341.1	7.0
2021-10-22	151245	38644	58238.0	54355.0	8.0	138278.6	35671.4	55673.3	46926.6	7.3
2021-10-23	39746	13941	15644.0	10157.0	4.0	138334.9	35503.7	55281.7	47542.4	7.0
2021-10-24	11971	4033	4965.0	2971.0	2.0	138348.3	35445.3	55224.9	47671.1	7.0
2021-10-25	108760	25725	40076.0	42948.0	11.0	139740.3	35115.3	55180.3	49437.7	7.0
2021-10-26	252431	52134	91817.0	108473.0	7.0	145445.9	34940.4	55683.0	54815.3	7.1
2021-10-27	275134	54432	91178.0	129510.0	14.0	151932.1	34950.6	55905.4	61069.1	7.0
2021-10-28	275348	55646	92572.0	127118.0	12.0	159233.6	34936.4	56355.7	67933.1	8.3
2021-10-29	186620	39860	58565.0	88177.0	18.0	164287.1	35110.1	56402.4	72764.9	9.7
2021-10-30	47294	14542	15289.0	17458.0	5.0	165365.4	35196.0	56351.7	73807.9	9.9
2021-10-31	12916	3980	4047.0	4886.0	3.0	165500.4	35188.4	56220.6	74081.4	10.0
2021-11-01	61262	12046	16468.0	32744.0	4.0	158715.0	33234.3	52848.0	72623.7	9.0
2021-11-02	250704	43322	73004.0	134371.0	7.0	158468.3	31975.4	50160.4	76323.4	9.0
2021-11-03	325224	54029	80697.0	190489.0	9.0	165624.0	31917.9	48663.1	85034.7	8.3
2021-11-04	331812	58425	84828.0	188547.0	12.0	173690.3	32314.9	47556.9	93810.3	8.3
2021-11-05	243909	43231	53849.0	146810.0	19.0	181874.4	32796.4	46883.1	102186.4	8.4
2021-11-06	70424	18985	16062.0	35371.0	6.0	185178.7	33431.1	46993.6	104745.4	8.6
2021-11-07	23614	5986	5400.0	12223.0	5.0	186707.0	33717.7	47186.9	105793.6	8.9
2021-11-08	179551	31158	36029.0	112349.0	15.0	203605.4	36448.0	49981.3	117165.7	10.4
2021-11-09	393987	61558	79823.0	252591.0	15.0	224074.4	39053.1	50955.4	134054.3	11.6
2021-11-10	450076	65748	79321.0	304982.0	25.0	241910.4	40727.3	50758.9	150410.4	13.9
2021-11-11	452427	70080	81628.0	300695.0	24.0	259141.1	42392.3	50301.7	166431.6	15.6
2021-11-12	352908	54762	53237.0	244885.0	24.0	274712.4	44039.6	50214.3	180442.3	16.3
2021-11-13	105834	26092	17314.0	62416.0	12.0	279771.0	45054.9	50393.1	184305.9	17.1
2021-11-14	33223	7969	4696.0	20549.0	9.0	281143.7	45338.1	50292.6	185495.3	17.7
2021-11-15	253012	39876	35042.0	178071.0	23.0	291638.1	46583.6	50151.6	194884.1	18.9
2021-11-16	535076	72602	73381.0	389067.0	26.0	311793.7	48161.3	49231.3	214380.7	20.4
2021-11-17	599400	75175	71114.0	453089.0	22.0	333125.7	49508.0	48058.9	235538.9	20.0
2021-11-18	638309	82637	77561.0	478081.0	30.0	359680.3	51301.9	47477.9	260879.7	20.9
2021-11-19	535902	72743	54944.0	408181.0	34.0	385822.3	53870.6	47721.7	284207.7	22.3
2021-11-20	241447	48922	20848.0	171655.0	22.0	405195.6	57132.0	48226.6	299813.3	23.7
2021-11-21	79765	14541	6473.0	58740.0	11.0	411844.4	58070.9	48480.4	305269.1	24.0
2021-11-22	427935	68299	35192.0	324418.0	26.0	436833.4	62131.3	48501.9	326175.9	24.4
2021-11-23	857780	125760	75280.0	656708.0	32.0	482934.0	69725.3	48773.1	364410.3	25.3
2021-11-24	1019616	144214	83260.0	792107.0	35.0	542964.9	79588.0	50508.3	412841.4	27.1
2021-11-25	964263	145477	84187.0	734569.0	30.0	589529.7	88565.1	51454.9	449482.6	27.1
2021-11-26	840387	116992	62339.0	661007.0	49.0	633027.6	94886.4	52511.3	485600.6	29.3
2021-11-27	704883	110232	36972.0	557651.0	28.0	699232.7	103645.0	54814.7	540742.9	30.1
2021-11-28	172236	26632	9396.0	136193.0	15.0	712442.9	105372.3	55232.3	551807.6	30.7
2021-11-29	590412	83539	42060.0	464781.0	32.0	735653.9	107549.4	56213.4	571859.4	31.6
2021-11-30	1049156	122852	79383.0	846882.0	39.0	762993.3	107134.0	56799.6	599027.1	32.6
2021-12-01	1275449	125767	85443.0	1064182.0	57.0	799540.9	104498.7	57111.4	637895.0	35.7
2021-12-02	1189064	117135	88986.0	982861.0	82.0	831655.3	100449.9	57797.0	673365.3	43.1
2021-12-03	1077405	97784	67757.0	911804.0	60.0	865515.0	97705.9	58571.0	709193.4	44.7
2021-12-04	1018376	87520	43183.0	887624.0	49.0	910299.7	94461.3	59458.3	756332.4	47.7
2021-12-05	273544	21364	12375.0	239794.0	11.0	924772.3	93708.7	59883.9	771132.6	47.1
2021-12-06	752311	68199	47735.0	636330.0	47.0	947900.7	91517.3	60694.6	795639.6	49.3
2021-12-07	1203886	94571	83547.0	1025717.0	51.0	970005.0	87477.1	61289.4	821187.4	51.0
2021-12-08	1424748	101444	90665.0	1232583.0	56.0	991333.4	84002.4	62035.4	845244.7	50.9
2021-12-09	1322915	93918	94704.0	1134219.0	74.0	1010455.0	80685.7	62852.3	866867.3	49.7
2021-12-10	1223401	78733	80051.0	1064544.0	73.0	1031311.6	77964.1	64608.6	888687.3	51.6
2021-12-11	1217576	73121	55909.0	1088497.0	49.0	1059768.7	75907.1	66426.6	917383.4	51.6
2021-12-12	317446	17837	16771.0	282823.0	15.0	1066040.4	75403.3	67054.6	923530.4	52.1
2021-12-13	807500	54276	59949.0	693245.0	30.0	1073924.6	73414.3	68799.4	931661.1	49.7
2021-12-14	1351472	87827	111014.0	1152562.0	69.0	1095008.3	72450.9	72723.3	949781.9	52.3
2021-12-15	1561481	104585	124269.0	1332326.0	301.0	1114541.6	72899.6	77523.9	964030.9	87.3
2021-12-16	1462396	104678	136253.0	1221213.0	252.0	1134467.4	74436.7	83459.4	976458.6	112.7
2021-12-17	1278553	105738	114022.0	1058701.0	92.0	1142346.3	78294.6	88312.4	975623.9	115.4
2021-12-18	1137298	107676	77814.0	951754.0	54.0	1130878.0	83231.0	91441.7	956089.1	116.1
2021-12-19	349399	42162	22199.0	285005.0	33.0	1135442.7	86706.0	92217.1	956400.9	118.7
2021-12-20	894020	75280	89590.0	729048.0	102.0	1147802.7	89706.6	96451.6	961515.6	129.0
2021-12-21	1241294	99766	135859.0	1005586.0	83.0	1132063.0	91412.1	100000.9	940519.0	131.0
2021-12-22	1218600	100915	125777.0	991784.0	124.0	1083080.0	90887.9	100216.3	891870.1	105.7
2021-12-23	671013	59403	73518.0	538010.0	82.0	970025.3	84420.0	91254.1	794269.7	81.4
2021-12-24	48816	4010	5232.0	39569.0	5.0	794348.6	69887.4	75712.7	648679.4	69.0
2021-12-25	27978	1648	1966.0	24362.0	2.0	635874.3	54740.6	64877.3	516194.9	61.6
2021-12-26	62495	5299	4778.0	52412.0	6.0	594888.0	49474.4	62388.6	482967.3	57.7
2021-12-27	605597	50642	64141.0	490729.0	85.0	553684.7	45954.7	58753.0	448921.7	55.3
2021-12-28	748169	64532	80287.0	603246.0	104.0	483238.3	40921.3	50814.1	391444.6	58.3
2021-12-29	699973	64774	72621.0	562479.0	99.0	409148.7	35758.3	43220.4	330115.3	54.7
2021-12-30	486207	46654	52264.0	387199.0	90.0	382747.9	33937.0	40184.1	308570.9	55.9
2021-12-31	59490	4774	6051.0	48653.0	12.0	384272.7	34046.1	40301.1	309868.6	56.9
2022-01-01	28687	2217	2906.0	23556.0	8.0	384374.0	34127.4	40435.4	309753.4	57.7
2022-01-02	154095	16418	14299.0	123344.0	34.0	397459.7	35715.9	41795.6	319886.6	61.7
2022-01-03	481565	39475	61963.0	380025.0	102.0	379740.9	34120.6	41484.4	304071.7	64.1
2022-01-04	701476	57447	95692.0	548204.0	133.0	373070.4	33108.4	43685.1	296208.6	68.3
2022-01-05	817265	60369	113070.0	643694.0	132.0	389826.4	32479.1	49463.6	307810.7	73.0
2022-01-06	684191	51487	92362.0	540227.0	115.0	418109.9	33169.6	55191.9	329671.9	76.6
2022-01-07	766277	56744	117329.0	592019.0	185.0	519079.4	40593.9	71088.7	407295.6	101.3
2022-01-08	519339	45689	82746.0	390811.0	93.0	589172.6	46804.1	82494.4	459760.6	113.4
2022-01-09	185068	18705	34743.0	131575.0	45.0	593597.3	47130.9	85415.0	460936.4	115.0
2022-01-10	559856	37369	84476.0	437799.0	212.0	604781.7	46830.0	88631.1	469189.9	130.7
2022-01-11	796806	54369	120489.0	621830.0	118.0	618400.3	46390.3	92173.6	479707.9	128.6
2022-01-12	881209	59797	134498.0	686676.0	238.0	627535.1	46308.6	95234.7	485848.1	143.7
2022-01-13	837363	58303	126306.0	652585.0	169.0	649416.9	47282.3	100083.9	501899.3	151.4
2022-01-14	779288	62498	114617.0	601663.0	510.0	651275.6	48104.3	99696.4	503277.0	197.9
2022-01-15	466507	58679	71445.0	336255.0	128.0	643728.1	49960.0	98082.0	495483.3	202.9
2022-01-16	154425	18905	23313.0	112157.0	50.0	639350.6	49988.6	96449.1	492709.3	203.6
2022-01-17	481120	39577	74127.0	367090.0	326.0	628102.6	50304.0	94970.7	482608.0	219.9
2022-01-18	652616	50682	97626.0	504100.0	208.0	607504.0	49777.3	91704.6	465789.4	232.7
2022-01-19	681090	58579	105942.0	515603.0	966.0	578915.6	49603.3	87625.1	441350.4	336.7
2022-01-20	701583	57809	107219.0	536183.0	372.0	559518.4	49532.7	84898.4	424721.6	365.7
2022-01-21	597927	53414	94833.0	449400.0	280.0	533609.7	48235.0	82072.1	402969.7	332.9
2022-01-22	296091	38319	57693.0	199923.0	156.0	509264.6	45326.4	80107.6	383493.7	336.9
2022-01-23	107726	13272	26595.0	67789.0	70.0	502593.3	44521.7	80576.4	377155.4	339.7
2022-01-24	357128	31087	65082.0	260722.0	237.0	484880.1	43308.9	79284.3	361960.0	327.0
2022-01-25	500549	41543	86188.0	372519.0	299.0	463156.3	42003.3	77650.3	343162.7	340.0
2022-01-26	503856	41504	84860.0	376987.0	505.0	437837.1	39564.0	74638.6	323360.4	274.1
2022-01-27	510066	41813	96020.0	371765.0	468.0	410477.6	37278.9	73038.7	299872.1	287.9
2022-01-28	437839	38554	81945.0	316886.0	454.0	387607.9	35156.0	71197.6	280941.6	312.7
2022-01-29	211475	26485	53692.0	131066.0	232.0	375519.9	33465.4	70626.0	271104.9	323.6
2022-01-30	75557	8912	20969.0	45595.0	81.0	370924.3	32842.6	69822.3	267934.3	325.1
2022-01-31	232651	21549	47959.0	162684.0	459.0	353141.9	31480.0	67376.1	253928.9	356.9
2022-02-01	293006	25555	57069.0	209914.0	468.0	323492.9	29196.0	63216.3	230699.6	381.0
2022-02-02	361515	30634	69390.0	261022.0	469.0	303158.4	27643.1	61006.3	214133.1	375.9
2022-02-03	342024	28733	67291.0	245143.0	857.0	279152.4	25774.6	56902.1	196044.3	431.4
2022-02-04	312665	26143	69216.0	214679.0	2627.0	261270.4	24001.6	55083.7	181443.3	741.9
2022-02-05	147759	16360	51954.0	77436.0	2009.0	252168.1	22555.1	54835.4	173781.9	995.7
2022-02-06	53017	5576	18390.0	28321.0	730.0	248948.1	22078.6	54467.0	171314.1	1088.4
2022-02-07	167675	12825	39765.0	112448.0	2637.0	239665.9	20832.3	53296.4	164137.6	1399.6
2022-02-08	276687	21552	59171.0	192896.0	3068.0	237334.6	20260.4	53596.7	161706.4	1771.0
2022-02-09	282915	19980	60076.0	199444.0	3415.0	226106.0	18738.4	52266.1	152909.6	2191.9
2022-02-10	277254	18789	58749.0	171327.0	28389.0	216853.1	17317.9	51045.9	142364.4	6125.0
2022-02-11	250819	17522	58155.0	150555.0	24587.0	208018.0	16086.3	49465.7	133203.9	9262.1
2022-02-12	110376	10504	37415.0	54452.0	8005.0	202677.6	15249.7	47388.7	129920.4	10118.7
2022-02-13	34507	3027	11487.0	17705.0	2288.0	200033.3	14885.6	46402.6	128403.9	10341.3
2022-02-14	134038	9550	29889.0	77642.0	16957.0	195228.0	14417.7	44991.7	123431.6	12387.0
2022-02-15	223963	14416	46526.0	129117.0	33904.0	187696.0	13398.3	43185.3	114320.3	16792.1
2022-02-16	224718	13038	43717.0	127415.0	40548.0	179382.1	12406.6	40848.3	104030.4	22096.9
2022-02-17	228506	12833	45949.0	124622.0	45102.0	172418.1	11555.7	39019.7	97358.3	24484.4
2022-02-18	210805	16218	47970.0	110273.0	36344.0	166701.9	11369.4	37564.7	91603.7	26164.0
2022-02-19	81108	6712	27814.0	36347.0	10235.0	162520.7	10827.7	36193.1	89017.3	26482.6
2022-02-20	30984	2386	9432.0	15574.0	3592.0	162017.4	10736.1	35899.6	88712.9	26668.9
2022-02-21	132488	10286	28418.0	69003.0	24781.0	161796.0	10841.3	35689.4	87478.7	27786.6
2022-02-22	203708	11698	38546.0	103867.0	49597.0	158902.4	10453.0	34549.4	83871.6	30028.4
2022-02-23	207640	10774	36343.0	104209.0	56314.0	156462.7	10129.6	33496.0	80556.4	32280.7
2022-02-24	210617	11399	38246.0	103865.0	57107.0	153907.1	9924.7	32395.6	77591.1	33995.7
2022-02-25	175961	9525	33971.0	87702.0	44763.0	148929.4	8968.6	30395.7	74366.7	35198.4
2022-02-26	61908	4987	18401.0	27993.0	10527.0	146186.6	8722.1	29051.0	73173.3	35240.1
2022-02-27	19322	2358	5007.0	8807.0	3150.0	144520.6	8718.1	28418.9	72206.6	35177.0
2022-02-28	103385	8803	18239.0	50864.0	25479.0	140363.0	8506.3	26964.7	69615.3	35276.7
2022-03-01	162636	10112	24446.0	72600.0	55478.0	134495.6	8279.7	24950.4	65148.6	36116.9
2022-03-02	160879	10943	24071.0	69686.0	56179.0	127815.4	8303.9	23197.3	60216.7	36097.6
2022-03-03	216387	11379	29780.0	91432.0	83796.0	128639.7	8301.0	21987.9	58440.6	39910.3
2022-03-04	163122	11371	25060.0	69622.0	57069.0	126805.6	8564.7	20714.9	55857.7	41668.3
2022-03-05	54973	6413	11591.0	22301.0	14668.0	125814.9	8768.4	19742.0	55044.6	42259.9
2022-03-06	22471	4300	4289.0	9065.0	4817.0	126264.7	9045.9	19639.4	55081.4	42498.0
2022-03-07	95293	7997	13890.0	39223.0	34183.0	125108.7	8930.7	19018.1	53418.4	43741.4
2022-03-08	169042	9203	20923.0	64772.0	74144.0	126023.9	8800.9	18514.9	52300.1	46408.0
2022-03-09	178553	8198	19147.0	65653.0	85555.0	128548.7	8408.7	17811.4	51724.0	50604.6
2022-03-10	194934	8570	20916.0	71141.0	94307.0	125484.0	8007.4	16545.1	48825.3	52106.1
2022-03-11	167695	9506	20547.0	61598.0	76044.0	126137.3	7741.0	15900.4	47679.0	54816.9
2022-03-12	52224	4501	8986.0	20679.0	18058.0	125744.6	7467.9	15528.3	47447.3	55301.1
2022-03-13	18501	1646	2931.0	8356.0	5568.0	125177.4	7088.7	15334.3	47346.0	55408.4
2022-03-14	92432	4921	9321.0	34878.0	43312.0	124768.7	6649.3	14681.6	46725.3	56712.6
2022-03-15	174321	7279	15991.0	58010.0	93041.0	125522.9	6374.4	13977.0	45759.3	59412.1
2022-03-16	183441	6544	13893.0	57892.0	105112.0	126221.1	6138.1	13226.4	44650.6	62206.0
2022-03-17	194450	6424	14640.0	60111.0	113275.0	126152.0	5831.6	12329.9	43074.9	64915.7
2022-03-18	149469	6453	13395.0	49902.0	79719.0	123548.3	5395.4	11308.1	41404.0	65440.7
2022-03-19	48024	3462	6469.0	17764.0	20329.0	122948.3	5247.0	10948.6	40987.6	65765.1
2022-03-20	17062	1803	3100.0	6238.0	5921.0	122742.7	5269.4	10972.7	40685.0	65815.6
2022-03-21	94765	4014	8780.0	29687.0	52284.0	123076.0	5139.9	10895.4	39943.4	67097.3
2022-03-22	167966	7014	14076.0	48661.0	98215.0	122168.1	5102.0	10621.9	38607.9	67836.4
2022-03-23	178951	5843	13423.0	47877.0	111808.0	121526.7	5001.9	10554.7	37177.1	68793.0
2022-03-24	183957	6032	13498.0	49539.0	114888.0	120027.7	4945.9	10391.6	35666.9	69023.4
2022-03-25	152277	5345	13360.0	43384.0	90188.0	120428.9	4787.6	10386.6	34735.7	70519.0
2022-03-26	42887	2845	6870.0	14776.0	18396.0	119695.0	4699.4	10443.9	34308.9	70242.9
2022-03-27	16170	928	2749.0	6241.0	6252.0	119567.6	4574.4	10393.7	34309.3	70290.1
2022-03-28	93796	3356	8462.0	26193.0	55785.0	119429.1	4480.4	10348.3	33810.1	70790.3
2022-03-29	166024	5614	11395.0	41625.0	107390.0	119151.7	4280.4	9965.3	32805.0	72101.0
2022-03-30	186954	5093	11001.0	42338.0	128522.0	120295.0	4173.3	9619.3	32013.7	74488.7
2022-03-31	181617	5830	12564.0	48797.0	114426.0	119960.7	4144.4	9485.9	31907.7	74422.7
2022-04-01	119940	4027	9157.0	29163.0	77593.0	115341.1	3956.1	8885.4	29876.1	72623.4
2022-04-02	34907	2035	4157.0	10744.0	17971.0	114201.1	3840.4	8497.9	29300.1	72562.7
2022-04-03	13819	964	1510.0	4975.0	6370.0	113865.3	3845.6	8320.9	29119.3	72579.6
2022-04-04	75040	2271	4957.0	19159.0	48653.0	111185.9	3690.6	7820.1	28114.4	71560.7
2022-04-05	152433	4208	8621.0	33020.0	106584.0	109244.3	3489.7	7423.9	26885.1	71445.6
2022-04-06	183049	5643	12053.0	38521.0	126832.0	108686.4	3568.3	7574.1	26339.9	71204.1
2022-04-07	183188	3899	8939.0	38246.0	132104.0	108910.9	3292.4	7056.3	24832.6	73729.6
2022-04-08	142206	3628	8373.0	31419.0	98786.0	112091.7	3235.4	6944.3	25154.9	76757.1
2022-04-09	33445	1568	3846.0	9935.0	18096.0	111882.9	3168.7	6899.9	25039.3	76775.0
2022-04-10	11204	549	1239.0	3505.0	5911.0	111509.3	3109.4	6861.1	24829.3	76709.4
2022-04-11	63956	1932	4290.0	16023.0	41711.0	109925.9	3061.0	6765.9	24381.3	75717.7
2022-04-12	119365	2549	5643.0	25049.0	86124.0	105201.9	2824.0	6340.4	23242.6	72794.9
2022-04-13	126634	4372	5588.0	23821.0	92853.0	97142.6	2642.4	5416.9	21142.6	67940.7
2022-04-14	105503	2729	6025.0	22367.0	74382.0	86044.7	2475.3	5000.6	18874.1	59694.7
2022-04-15	6338	311	624.0	1779.0	3624.0	66635.0	2001.4	3893.6	14639.9	46100.1
2022-04-16	7139	485	1090.0	2497.0	3067.0	62877.0	1846.7	3499.9	13577.3	43953.1
2022-04-17	1956	223	285.0	615.0	833.0	61555.9	1800.1	3363.6	13164.4	43227.7
2022-04-18	2800	173	361.0	889.0	1377.0	52819.3	1548.9	2802.3	11002.4	37465.7
2022-04-19	75126	4507	4790.0	17923.0	47906.0	46499.4	1828.6	2680.4	9984.4	32006.0
2022-04-20	92298	2113	4956.0	18755.0	66474.0	41594.3	1505.9	2590.1	9260.7	28237.6
2022-04-21	104183	2129	5588.0	21528.0	74938.0	41405.7	1420.1	2527.7	9140.9	28317.0
2022-04-22	85126	2420	6202.0	19996.0	56508.0	52661.1	1721.4	3324.6	11743.3	35871.9
2022-04-23	20357	1160	2869.0	6209.0	10119.0	54549.4	1817.9	3578.7	12273.6	36879.3
2022-04-24	6550	376	794.0	1824.0	3556.0	55205.7	1839.7	3651.4	12446.3	37268.3
2022-04-25	53994	1945	4183.0	12401.0	35465.0	62519.1	2092.9	4197.4	14090.9	42138.0
2022-04-26	116923	4996	8446.0	23347.0	80134.0	68490.1	2162.7	4719.7	14865.7	46742.0
2022-04-27	119742	2562	6041.0	23055.0	88084.0	72410.7	2226.9	4874.7	15480.0	49829.1
2022-04-28	122505	2551	6248.0	24206.0	89500.0	75028.1	2287.1	4969.0	15862.6	51909.4
2022-04-29	103302	7561	10405.0	21787.0	63549.0	77624.7	3021.6	5569.4	16118.4	52915.3
2022-04-30	21186	1171	2822.0	6445.0	10748.0	77743.1	3023.1	5562.7	16152.1	53005.1
2022-05-01	4388	258	346.0	1077.0	2707.0	77434.3	3006.3	5498.7	16045.4	52883.9
2022-05-02	42925	1376	2642.0	9174.0	29733.0	75853.0	2925.0	5278.6	15584.4	52065.0
2022-05-03	91632	2952	5986.0	19748.0	62946.0	72240.0	2633.0	4927.1	15070.3	49609.6
2022-05-04	148100	2564	5832.0	26897.0	112807.0	76291.1	2633.3	4897.3	15619.1	53141.4
2022-05-05	105637	3085	6031.0	21102.0	75419.0	73881.4	2709.6	4866.3	15175.7	51129.9
2022-05-06	76704	1963	4094.0	15430.0	55217.0	70081.7	1909.9	3964.7	14267.6	49939.6
2022-05-07	15337	844	1764.0	5376.0	7353.0	69246.1	1863.1	3813.6	14114.9	49454.6
2022-05-08	4348	204	453.0	1104.0	2587.0	69240.4	1855.4	3828.9	14118.7	49437.4
2022-05-09	35769	1034	2108.0	8556.0	24071.0	68218.1	1806.6	3752.6	14030.4	48628.6
2022-05-10	82644	2371	4372.0	17485.0	58416.0	66934.1	1723.6	3522.0	13707.1	47981.4
2022-05-11	83397	1792	3450.0	15385.0	62770.0	57690.9	1613.3	3181.7	12062.6	40833.3
2022-05-12	86220	1891	3746.0	17229.0	63354.0	54917.0	1442.7	2855.3	11509.3	39109.7
2022-05-13	59645	1457	3304.0	12380.0	42504.0	52480.0	1370.4	2742.4	11073.6	37293.6
2022-05-14	11667	656	1423.0	3468.0	6120.0	51955.7	1343.6	2693.7	10801.0	37117.4
2022-05-15	4142	263	523.0	1224.0	2132.0	51926.3	1352.0	2703.7	10818.1	37052.4
2022-05-16	30984	964	1977.0	7101.0	20942.0	51242.7	1342.0	2685.0	10610.3	36605.4
2022-05-17	69598	2272	4141.0	14652.0	48533.0	49379.0	1327.9	2652.0	10205.6	35193.6
2022-05-18	68416	1346	3147.0	13395.0	50528.0	47238.9	1264.1	2608.7	9921.3	33444.7
2022-05-19	74972	1705	3777.0	14581.0	54909.0	45632.0	1237.6	2613.1	9543.0	32238.3
2022-05-20	55314	1388	3125.0	11697.0	39104.0	45013.3	1227.7	2587.6	9445.4	31752.6
2022-05-21	11746	702	1524.0	3832.0	5688.0	45024.6	1234.3	2602.0	9497.4	31690.9
2022-05-22	3585	171	393.0	1009.0	2012.0	44945.0	1221.1	2583.4	9466.7	31673.7
2022-05-23	28925	896	1963.0	6970.0	19096.0	44650.9	1211.4	2581.4	9448.0	31410.0
2022-05-24	63202	2370	4289.0	13886.0	42657.0	43737.1	1225.4	2602.6	9338.6	30570.6
2022-05-25	61049	1862	3391.0	12606.0	43190.0	42684.7	1299.1	2637.4	9225.9	29522.3
2022-05-26	2493	181	228.0	571.0	1513.0	32330.6	1081.4	2130.4	7224.4	21894.3
2022-05-27	20849	950	1843.0	5805.0	12251.0	27407.0	1018.9	1947.3	6382.7	18058.1
2022-05-28	7771	647	1008.0	2611.0	3505.0	26839.1	1011.0	1873.6	6208.3	17746.3
2022-05-29	2619	230	344.0	747.0	1298.0	26701.1	1019.4	1866.6	6170.9	17644.3
2022-05-30	25033	884	1799.0	6408.0	15942.0	26145.1	1017.7	1843.1	6090.6	17193.7
2022-05-31	48782	1516	3001.0	10843.0	33422.0	24085.1	895.7	1659.1	5655.9	15874.4
2022-06-01	49814	1309	2614.0	10325.0	35566.0	22480.1	816.7	1548.1	5330.0	14785.3
2022-06-02	56887	1470	3319.0	11966.0	40132.0	30250.7	1000.9	1989.7	6957.9	20302.3
2022-06-03	42921	1531	2780.0	10544.0	28066.0	33403.9	1083.9	2123.6	7634.9	22561.6
2022-06-04	7762	512	819.0	2385.0	4046.0	33402.6	1064.6	2096.6	7602.6	22638.9
2022-06-05	1612	57	141.0	539.0	875.0	33258.7	1039.9	2067.6	7572.9	22578.4
2022-06-06	1806	60	142.0	359.0	1245.0	29940.6	922.1	1830.9	6708.7	20478.9
2022-06-07	33548	1161	2269.0	8425.0	21693.0	27764.3	871.4	1726.3	6363.3	18803.3
2022-06-08	42589	1230	2253.0	9295.0	29811.0	26732.1	860.1	1674.7	6216.1	17981.1
2022-06-09	52009	1534	2978.0	11452.0	36045.0	26035.3	869.3	1626.0	6142.7	17397.3
2022-06-10	37876	1324	2552.0	8773.0	25227.0	25314.6	839.7	1593.4	5889.7	16991.7
2022-06-11	9646	748	1000.0	2608.0	5290.0	25583.7	873.4	1619.3	5921.6	17169.4
2022-06-12	2373	208	319.0	683.0	1163.0	25692.4	895.0	1644.7	5942.1	17210.6
2022-06-13	23178	851	1596.0	5455.0	15276.0	28745.6	1008.0	1852.4	6670.1	19215.0
2022-06-14	45827	1344	2519.0	9676.0	32288.0	30499.7	1034.1	1888.1	6848.9	20728.6
2022-06-15	48158	1908	2560.0	9329.0	34361.0	31295.3	1131.0	1932.0	6853.7	21378.6
2022-06-16	27164	997	1862.0	5850.0	18455.0	27746.0	1054.3	1772.6	6053.4	18865.7
2022-06-17	33640	1108	1964.0	7499.0	23069.0	27140.9	1023.4	1688.6	5871.4	18557.4
2022-06-18	9816	598	791.0	2153.0	6274.0	27165.1	1002.0	1658.7	5806.4	18698.0
2022-06-19	4438	338	448.0	1088.0	2564.0	27460.1	1020.6	1677.1	5864.3	18898.1
2022-06-20	25700	928	1373.0	4940.0	18459.0	27820.4	1031.6	1645.3	5790.7	19352.9
2022-06-21	49824	1328	2418.0	9150.0	36928.0	28391.4	1029.3	1630.9	5715.6	20015.7
2022-06-22	54874	1306	2252.0	9237.0	42079.0	29350.9	943.3	1586.9	5702.4	21118.3
2022-06-23	64402	1512	2561.0	10514.0	49815.0	34670.6	1016.9	1686.7	6368.7	25598.3
2022-06-24	48645	1729	2662.0	8971.0	35283.0	36814.1	1105.6	1786.4	6579.0	27343.1
2022-06-25	12225	719	977.0	3006.0	7523.0	37158.3	1122.9	1813.0	6700.9	27521.6
2022-06-26	3260	254	366.0	789.0	1851.0	36990.0	1110.9	1801.3	6658.1	27419.7
2022-06-27	24540	821	1253.0	5033.0	17433.0	36824.3	1095.6	1784.1	6671.4	27273.1
2022-06-28	55783	2421	2993.0	10592.0	39777.0	37675.6	1251.7	1866.3	6877.4	27680.1
2022-06-29	54515	1430	2200.0	9918.0	40967.0	37624.3	1269.4	1858.9	6974.7	27521.3
2022-06-30	61307	1605	2877.0	12349.0	44476.0	37182.1	1282.7	1904.0	7236.9	26758.6
2022-07-01	35702	1330	1934.0	6978.0	25460.0	35333.1	1225.7	1800.0	6952.1	25355.3
2022-07-02	10457	515	895.0	3083.0	5964.0	35080.6	1196.6	1788.3	6963.1	25132.6
2022-07-03	2702	104	205.0	697.0	1696.0	35000.9	1175.1	1765.3	6950.0	25110.4
2022-07-04	21074	620	978.0	4776.0	14700.0	34505.7	1146.4	1726.0	6913.3	24720.0
2022-07-05	47683	1159	1790.0	7939.0	36795.0	33348.6	966.1	1554.1	6534.3	24294.0
2022-07-06	52512	1298	2028.0	8704.0	40482.0	33062.4	947.3	1529.6	6360.9	24224.7
2022-07-07	60451	1551	2954.0	10602.0	45344.0	32940.1	939.6	1540.6	6111.3	24348.7
2022-07-08	42508	1337	1960.0	7759.0	31452.0	33912.4	940.6	1544.3	6222.9	25204.7
2022-07-09	11562	604	778.0	2622.0	7558.0	34070.3	953.3	1527.6	6157.0	25432.4
2022-07-10	2793	83	159.0	603.0	1948.0	34083.3	950.3	1521.0	6143.6	25468.4
2022-07-11	25200	981	1601.0	5398.0	17220.0	34672.7	1001.9	1610.0	6232.4	25828.4
2022-07-12	57312	1468	2231.0	8158.0	45455.0	36048.3	1046.0	1673.0	6263.7	27065.6
2022-07-13	59892	1183	1960.0	8877.0	47872.0	37102.6	1029.6	1663.3	6288.4	28121.3
2022-07-14	65729	1166	1905.0	9223.0	53435.0	37856.6	974.6	1513.4	6091.4	29277.1
2022-07-15	54643	1393	2148.0	7679.0	43423.0	39590.1	982.6	1540.3	6080.0	30987.3
2022-07-16	16353	672	798.0	2967.0	11916.0	40274.6	992.3	1543.1	6129.3	31609.9
2022-07-17	3902	158	213.0	779.0	2752.0	40433.0	1003.0	1550.9	6154.4	31724.7
2022-07-18	26196	680	935.0	4542.0	20039.0	40575.3	960.0	1455.7	6032.1	32127.4
2022-07-19	52186	1019	1591.0	6695.0	42881.0	39843.0	895.9	1364.3	5823.1	31759.7
2022-07-20	50794	976	1498.0	6562.0	41758.0	38543.3	866.3	1298.3	5492.4	30886.3
2022-07-21	63980	1253	1788.0	8291.0	52648.0	38293.4	878.7	1281.6	5359.3	30773.9
2022-07-22	49008	2047	2161.0	6550.0	38250.0	37488.4	972.1	1283.4	5198.0	30034.9
2022-07-23	11043	552	681.0	2113.0	7697.0	36729.9	955.0	1266.7	5076.0	29432.1
2022-07-24	4247	372	515.0	1181.0	2179.0	36779.1	985.6	1309.9	5133.4	29350.3
2022-07-25	22255	575	895.0	3767.0	17018.0	36216.1	970.6	1304.1	5022.7	28918.7
2022-07-26	51377	1128	1682.0	6853.0	41714.0	36100.6	986.1	1317.1	5045.3	28752.0
2022-07-27	52926	1059	1555.0	6888.0	43424.0	36405.1	998.0	1325.3	5091.9	28990.0
2022-07-28	55263	973	1565.0	7209.0	45516.0	35159.9	958.0	1293.4	4937.3	27971.1
2022-07-29	41812	1330	1477.0	6280.0	32725.0	34131.9	855.6	1195.7	4898.7	27181.9
2022-07-30	9535	472	710.0	1811.0	6542.0	33916.4	844.1	1199.9	4855.6	27016.9
2022-07-31	2836	124	146.0	576.0	1990.0	33714.9	808.7	1147.1	4769.1	26989.9
2022-08-01	19506	817	990.0	3530.0	14169.0	33322.1	843.3	1160.7	4735.3	26582.9
2022-08-02	38267	779	1181.0	5446.0	30861.0	31449.3	793.4	1089.1	4534.3	25032.4
2022-08-03	41593	908	1477.0	5876.0	33332.0	29830.3	771.9	1078.0	4389.7	23590.7
2022-08-04	42611	880	1289.0	5973.0	34469.0	28022.9	758.6	1038.6	4213.1	22012.6
2022-08-05	32547	939	1285.0	5051.0	25272.0	26699.3	702.7	1011.1	4037.6	20947.9
2022-08-06	9213	453	646.0	1851.0	6263.0	26653.3	700.0	1002.0	4043.3	20908.0
2022-08-07	2092	102	136.0	614.0	1240.0	26547.0	696.9	1000.6	4048.7	20800.9
2022-08-08	17240	534	714.0	3008.0	12984.0	26223.3	656.4	961.1	3974.1	20631.6
2022-08-09	37969	809	1288.0	5543.0	30329.0	26180.7	660.7	976.4	3988.0	20555.6
2022-08-10	39246	862	1419.0	5379.0	31586.0	25845.4	654.1	968.1	3917.0	20306.1
2022-08-11	40673	883	1419.0	6090.0	32281.0	25568.6	654.6	986.7	3933.7	19993.6
2022-08-12	28751	879	1214.0	5061.0	21597.0	25026.3	646.0	976.6	3935.1	19468.6
2022-08-13	5937	369	498.0	1525.0	3545.0	24558.3	634.0	955.4	3888.6	19080.3
2022-08-14	1963	115	145.0	385.0	1318.0	24539.9	635.9	956.7	3855.9	19091.4
2022-08-15	13601	490	690.0	2306.0	10115.0	24020.0	629.6	953.3	3755.6	18681.6
2022-08-16	32567	822	1293.0	5244.0	25208.0	23248.3	631.4	954.0	3712.9	17950.0
2022-08-17	35352	1088	1484.0	5742.0	27038.0	22692.0	663.7	963.3	3764.7	17300.3
2022-08-18	42353	3862	3626.0	6058.0	28807.0	22932.0	1089.3	1278.6	3760.1	16804.0
2022-08-19	29334	955	1415.0	5053.0	21911.0	23015.3	1100.1	1307.3	3759.0	16848.9
2022-08-20	7095	301	506.0	1521.0	4767.0	23180.7	1090.4	1308.4	3758.4	17023.4
2022-08-21	2305	97	163.0	346.0	1699.0	23229.6	1087.9	1311.0	3752.9	17077.9
2022-08-22	16906	571	787.0	3085.0	12463.0	23701.7	1099.4	1324.9	3864.1	17413.3
2022-08-23	34892	847	1248.0	5256.0	27541.0	24033.9	1103.0	1318.4	3865.9	17746.6
2022-08-24	38226	924	1316.0	5636.0	30350.0	24444.4	1079.6	1294.4	3850.7	18219.7
2022-08-25	38038	763	1236.0	5589.0	30450.0	23828.0	636.9	953.0	3783.7	18454.4
2022-08-26	28999	814	1333.0	4954.0	21898.0	23780.1	616.7	941.3	3769.6	18452.6
2022-08-27	6909	346	472.0	1577.0	4514.0	23753.6	623.1	936.4	3777.6	18416.4
2022-08-28	1817	101	106.0	394.0	1216.0	23683.9	623.7	928.3	3784.4	18347.4
2022-08-29	16818	555	766.0	2947.0	12550.0	23671.3	621.4	925.3	3764.7	18359.9
2022-08-30	33267	777	1224.0	4996.0	26270.0	23439.1	611.4	921.9	3727.6	18178.3
2022-08-31	36241	944	1345.0	5746.0	28206.0	23155.6	614.3	926.0	3743.3	17872.0
2022-09-01	32096	783	1089.0	4928.0	25296.0	22306.7	617.1	905.0	3648.9	17135.7
2022-09-02	27419	967	1224.0	5068.0	20160.0	22081.0	639.0	889.4	3665.1	16887.4
2022-09-03	5982	370	567.0	1435.0	3610.0	21948.6	642.4	903.0	3644.9	16758.3
2022-09-04	1789	82	102.0	336.0	1269.0	21944.6	639.7	902.4	3636.6	16765.9
2022-09-05	13904	616	700.0	3025.0	9563.0	21528.3	648.4	893.0	3647.7	16339.1
2022-09-06	28019	855	1201.0	4991.0	20972.0	20778.6	659.6	889.7	3647.0	15582.3
2022-09-07	29311	782	1150.0	4913.0	22466.0	19788.6	636.4	861.9	3528.0	14762.3
2022-09-08	29663	852	1192.0	5490.0	22129.0	19441.0	646.3	876.6	3608.3	14309.9
2022-09-09	21626	881	1120.0	4416.0	15209.0	18613.4	634.0	861.7	3515.1	13602.6
2022-09-10	6771	373	514.0	1662.0	4222.0	18726.1	634.4	854.1	3547.6	13690.0
2022-09-11	1769	105	158.0	415.0	1091.0	18723.3	637.7	862.1	3558.9	13664.6
2022-09-12	14922	540	686.0	2647.0	11049.0	18868.7	626.9	860.1	3504.9	13876.9
2022-09-13	44122	842	1240.0	6974.0	35066.0	21169.1	625.0	865.7	3788.1	15890.3
2022-09-14	50882	890	1254.0	6151.0	42587.0	24250.7	640.4	880.6	3965.0	18764.7
2022-09-15	54946	875	1334.0	6999.0	45738.0	27862.6	643.7	900.9	4180.6	22137.4
2022-09-16	44059	798	1178.0	5907.0	36176.0	31067.3	631.9	909.1	4393.6	25132.7
2022-09-17	12235	312	471.0	2337.0	9115.0	31847.9	623.1	903.0	4490.0	25831.7
2022-09-18	3325	96	164.0	706.0	2359.0	32070.1	621.9	903.9	4531.6	26012.9
2022-09-19	23333	591	678.0	3248.0	18816.0	33271.7	629.1	902.7	4617.4	27122.4
2022-09-20	52712	686	1128.0	6072.0	44826.0	34498.9	606.9	886.7	4488.6	28516.7
2022-09-21	58458	833	1057.0	7200.0	49368.0	35581.1	598.7	858.6	4638.4	29485.4
2022-09-22	64809	839	1295.0	7611.0	55064.0	36990.1	593.6	853.0	4725.9	30817.7
2022-09-23	50308	709	1125.0	6250.0	42224.0	37882.9	580.9	845.4	4774.9	31681.7
2022-09-24	13571	363	589.0	2270.0	10349.0	38073.7	588.1	862.3	4765.3	31858.0
2022-09-25	5030	152	183.0	738.0	3957.0	38317.3	596.1	865.0	4769.9	32086.3
2022-09-26	31287	700	730.0	4175.0	25682.0	39453.6	611.7	872.4	4902.3	33067.1
2022-09-27	75168	856	1208.0	8030.0	65074.0	42661.6	636.0	883.9	5182.0	35959.7
2022-09-28	83773	1132	1626.0	8599.0	72416.0	46278.0	678.7	965.1	5381.9	39252.3
2022-09-29	97802	979	1839.0	9894.0	85090.0	50991.3	698.7	1042.9	5708.0	43541.7
2022-09-30	82660	934	1553.0	10613.0	69560.0	55613.0	730.9	1104.0	6331.3	47446.9
2022-10-01	24977	366	623.0	3105.0	20883.0	57242.4	731.3	1108.9	6450.6	48951.7
2022-10-02	6178	173	370.0	886.0	4749.0	57406.4	734.3	1135.6	6471.7	49064.9
2022-10-03	8772	282	373.0	1263.0	6854.0	54190.0	674.6	1084.6	6055.7	46375.1
2022-10-04	62032	830	1169.0	6352.0	53681.0	52313.4	670.9	1079.0	5816.0	44747.6
2022-10-05	88268	1130	1261.0	7439.0	78438.0	52955.6	670.6	1026.9	5650.3	45607.9
2022-10-06	104765	1211	1294.0	8877.0	93383.0	53950.3	703.7	949.0	5505.0	46792.6
2022-10-07	92689	1311	1403.0	8516.0	81459.0	55383.0	757.6	927.6	5205.4	48492.4
2022-10-08	27506	420	530.0	2756.0	23800.0	55744.3	765.3	914.3	5155.6	48909.1
2022-10-09	7777	263	256.0	1060.0	6198.0	55972.7	778.1	898.0	5180.4	49116.1
2022-10-10	50572	656	804.0	5053.0	44059.0	61944.1	831.6	959.6	5721.9	54431.1
2022-10-11	98689	950	1009.0	7295.0	89435.0	67180.9	848.7	936.7	5856.6	59538.9
2022-10-12	105868	1117	1096.0	7213.0	96442.0	69695.1	846.9	913.1	5824.3	62110.9
2022-10-13	123997	1118	1244.0	9148.0	112487.0	72442.6	833.6	906.0	5863.0	64840.0
2022-10-14	107140	1665	1079.0	8373.0	96023.0	74507.0	884.1	859.7	5842.6	66920.6
2022-10-15	35535	487	563.0	3040.0	31445.0	75654.0	893.7	864.4	5883.1	68012.7
2022-10-16	10008	167	197.0	1041.0	8603.0	75972.7	880.0	856.0	5880.4	68356.3
2022-10-17	59393	581	642.0	4972.0	53198.0	77232.9	869.3	832.9	5868.9	69661.9
2022-10-18	110633	823	1015.0	7463.0	101332.0	78939.1	851.1	833.7	5892.9	71361.4
2022-10-19	121447	1088	1180.0	8339.0	110840.0	81164.7	847.0	845.7	6053.7	73418.3
2022-10-20	125072	999	1033.0	8336.0	114704.0	81318.3	830.0	815.6	5937.7	73735.0
2022-10-21	113085	1217	1066.0	8521.0	102281.0	82167.6	766.0	813.7	5958.9	74629.0
2022-10-22	32972	356	373.0	2583.0	29660.0	81801.4	747.3	786.6	5893.6	74374.0
2022-10-23	7846	57	87.0	590.0	7112.0	81492.6	731.6	770.9	5829.1	74161.0
2022-10-24	70209	823	580.0	5699.0	63107.0	83037.7	766.1	762.0	5933.0	75576.6
2022-10-25	108118	808	910.0	7521.0	98879.0	82678.4	764.0	747.0	5941.3	75226.1
2022-10-26	96700	916	795.0	6134.0	88855.0	79143.1	739.4	692.0	5626.3	72085.4
2022-10-27	131141	913	1147.0	8486.0	120595.0	80010.1	727.1	708.3	5647.7	72927.0
2022-10-28	98967	1350	978.0	6891.0	89748.0	77993.3	746.1	695.7	5414.9	71136.6
2022-10-29	24672	352	336.0	2262.0	21722.0	76807.6	745.6	690.4	5369.0	70002.6
2022-10-30	5536	36	66.0	606.0	4828.0	76477.6	742.6	687.4	5371.3	69676.3
2022-10-31	29811	324	357.0	2507.0	26623.0	70706.4	671.3	655.6	4915.3	64464.3
2022-11-01	43955	477	515.0	4055.0	38908.0	61540.3	624.0	599.1	4420.1	55897.0
2022-11-02	88471	774	879.0	5583.0	81235.0	60364.7	603.7	611.1	4341.4	54808.4
2022-11-03	115570	960	1179.0	8034.0	105397.0	58140.3	610.4	615.7	4276.9	52637.3
2022-11-04	86567	794	921.0	5812.0	79040.0	56368.9	531.0	607.6	4122.7	51107.6
2022-11-05	20307	313	390.0	1855.0	17749.0	55745.3	525.4	615.3	4064.6	50540.0
2022-11-06	6540	110	112.0	588.0	5730.0	55888.7	536.0	621.9	4062.0	50668.9
2022-11-07	46037	460	433.0	3310.0	41834.0	58206.7	555.4	632.7	4176.7	52841.9
2022-11-08	104583	1131	927.0	6671.0	95854.0	66867.9	648.9	691.6	4550.4	60977.0
2022-11-09	99557	796	711.0	6273.0	91777.0	68451.6	652.0	667.6	4649.0	62483.0
